link,video,utterance,transcript
"https://www.youtube.com/watch?v=xfsvvbTlR38",74de88564,utterance_1.mp4,"Morrisons Black Friday you can perform one line from the model if you want give it your "
"https://www.youtube.com/watch?v=xfsvvbTlR38",74de88564,utterance_2.mp4,"Black Friday effort and er you can do like a lovely photograph of what you look like after the Black Friday shopping instamatic as possible please over example UK "
"https://www.youtube.com/watch?v=xfsvvbTlR38",74de88564,utterance_3.mp4,""
"https://www.youtube.com/watch?v=xfsvvbTlR38",74de88564,utterance_4.mp4,"my nails are so brittle"
"https://www.youtube.com/watch?v=xfsvvbTlR38",74de88564,utterance_5.mp4,"Black Friday"
"https://www.youtube.com/watch?v=xfsvvbTlR38",74de88564,utterance_6.mp4,"something like that"
"https://www.youtube.com/watch?v=xfsvvbTlR38",74de88564,utterance_7.mp4,"do it"
"https://www.youtube.com/watch?v=xfsvvbTlR38",74de88564,utterance_8.mp4,"I'm sorry"
"https://www.youtube.com/watch?v=xfsvvbTlR38",74de88564,utterance_9.mp4,"I need you guys that's why I need you guys I can't even perform my own scrub"
"https://www.youtube.com/watch?v=xfsvvbTlR38",74de88564,utterance_10.mp4,""
"https://www.youtube.com/watch?v=xfsvvbTlR38",74de88564,utterance_11.mp4,"or am now we also have the December"
"https://www.youtube.com/watch?v=xfsvvbTlR38",74de88564,utterance_12.mp4,"acting video contest and answer what you can do is perform some Shakespearean Centre"
"https://www.youtube.com/watch?v=xfsvvbTlR38",74de88564,utterance_13.mp4,"so you can perform with the friends in the Black Friday when you can perform"
"https://www.youtube.com/watch?v=xfsvvbTlR38",74de88564,utterance_14.mp4,"one line from it"
"https://www.youtube.com/watch?v=xfsvvbTlR38",74de88564,utterance_15.mp4,"you can do a dramatic reading script in here and all those things are acceptable"
"https://www.youtube.com/watch?v=xfsvvbTlR38",74de88564,utterance_16.mp4,"for the Christmas one whenever $50 $25 for the Black Friday"
"https://www.youtube.com/watch?v=xfsvvbTlR38",74de88564,utterance_17.mp4,"54 the Christmas one"
"https://www.youtube.com/watch?v=xfsvvbTlR38",74de88564,utterance_18.mp4,"so I for example you can do 6."
"https://www.youtube.com/watch?v=xfsvvbTlR38",74de88564,utterance_19.mp4,"I am round like the moon in your nose is bright as the sun"
"https://www.youtube.com/watch?v=xfsvvbTlR38",74de88564,utterance_20.mp4,"Ebenezer Scrooge sure you can perform that one "
"https://www.youtube.com/watch?v=xfsvvbTlR38",74de88564,utterance_21.mp4,"so I just have fun with that"
"https://www.youtube.com/watch?v=gG1zIeeobkA",8c49a05d3_1,utterance_1.mp4,"I seen with her boyfriend into a girl I don't even like no one knows what happened "
"https://www.youtube.com/watch?v=gG1zIeeobkA",8c49a05d3_1,utterance_2.mp4,"and do I tell if between what's right and what will ruin your life "
"https://www.youtube.com/watch?v=gG1zIeeobkA",8c49a05d3_1,utterance_3.mp4,"ringer for herself why does she have to be so everyone has turned against me "
"https://www.youtube.com/watch?v=gG1zIeeobkA",8c49a05d3_1,utterance_4.mp4,"and I will become like her"
"https://www.youtube.com/watch?v=gG1zIeeobkA",8c49a05d3_1,utterance_5.mp4,"invisible"
"https://www.youtube.com/watch?v=NF0yeLqb-D4",9e9c69399_1,utterance_1.mp4,"hey guys Coach bags here I want to talk to you about something very cool the performance though"
"https://www.youtube.com/watch?v=NF0yeLqb-D4",9e9c69399_1,utterance_2.mp4,"performance zone is 30 minutes that will empower your life 30 minutes every Friday afternoon from 1 to 1:30 Pacific time we're going to stream wow "
"https://www.youtube.com/watch?v=NF0yeLqb-D4",9e9c69399_1,utterance_3.mp4,"powering message a moment and experience 30 minutes that"
"https://www.youtube.com/watch?v=NF0yeLqb-D4",9e9c69399_1,utterance_4.mp4,"sure to Emporio dealing with things that you're interested in the art of the craft of acting in the business of show business This Is Gonna "
"https://www.youtube.com/watch?v=NF0yeLqb-D4",9e9c69399_1,utterance_5.mp4,"are you up catapult you through your weekend running into the new week so that whatever it is you're doing your operating at an entirely different level new message every week "
"https://www.youtube.com/watch?v=hqkHmWTSsBc",784a2f83f_1,utterance_1.mp4,"can we all please get back to work we have lots of clients who made us and we have tons of climbs of "
"https://www.youtube.com/watch?v=hqkHmWTSsBc",784a2f83f_1,utterance_2.mp4,"why you enjoyed The Rasmus I belong who lost her husband in an accident and will lose her home if we don't feel this client "
"https://www.youtube.com/watch?v=hqkHmWTSsBc",784a2f83f_1,utterance_3.mp4,"or what about Rodger Thomason he's in hospital right now and he's sleeping deeper and deeper in debt until he hears from us "
"https://www.youtube.com/watch?v=hqkHmWTSsBc",784a2f83f_1,utterance_4.mp4,"special help he desperately needs during his medal prices keramag chance of everyone "
"https://www.youtube.com/watch?v=iVGhrfCoBks",e514236d0_1,utterance_1.mp4,"one more sale one last sale the sale that will make me rich the sale of a lifetime they say I can sell anything and believed them "
"https://www.youtube.com/watch?v=iVGhrfCoBks",e514236d0_1,utterance_2.mp4,"what I get away with"
"https://www.youtube.com/watch?v=iVGhrfCoBks",e514236d0_1,utterance_3.mp4,"it almost made me rich almost I am so close I can taste it that's how you doing you picture when you want and then you make it real name arrow what it "
"https://www.youtube.com/watch?v=iVGhrfCoBks",e514236d0_1,utterance_4.mp4,"makes you do anything and everything to make it happen you have to sell yourself on it first you have to make it this gold Your Life That "
"https://www.youtube.com/watch?v=iVGhrfCoBks",e514236d0_1,utterance_5.mp4,"this right now that's the only way to do it let it all go nothing else is really important everything else just gets in the way "
"https://www.youtube.com/watch?v=iVGhrfCoBks",e514236d0_1,utterance_6.mp4,"distract you"
"https://www.youtube.com/watch?v=iVGhrfCoBks",e514236d0_1,utterance_7.mp4,"if someone doesn't help you get to your goal then they are useless surround yourself only with people who can help you and when they're no longer used "
"https://www.youtube.com/watch?v=iVGhrfCoBks",e514236d0_1,utterance_8.mp4,"that unless you don't need the baggage baggage only weighs you down"
"https://www.youtube.com/watch?v=iVGhrfCoBks",e514236d0_1,utterance_9.mp4,"you have to be free create a cheese That Dream even if it means you do it all then"
"https://www.youtube.com/watch?v=iVGhrfCoBks",e514236d0_1,utterance_10.mp4,"waiting waiting forever if I have to waiting for that final deal"
"https://www.youtube.com/watch?v=iVGhrfCoBks",e514236d0_1,utterance_11.mp4,"that one last year that makes you Rich to enjoy all alone no sharing the glory in victory that will be mine and mine alone"
"https://www.youtube.com/watch?v=E7F-OymZVm4",fb1d1b14e_1,utterance_1.mp4,"everybody welcome back to Matalan project and Candice hammer and this week we have another special guests"
"https://www.youtube.com/watch?v=E7F-OymZVm4",fb1d1b14e_1,utterance_2.mp4,"the very talented John Colley will be performing Andre's mother it's a one act play and it's written by Terrence McNally I John will be "
"https://www.youtube.com/watch?v=E7F-OymZVm4",fb1d1b14e_1,utterance_3.mp4,"order he's at his lovers funeral and this is his very last chance to connect with his lovers mother to get her to"
"https://www.youtube.com/watch?v=E7F-OymZVm4",fb1d1b14e_1,utterance_4.mp4,"ah it's a very powerful piece of like it if you like it subscribe to the Channel if you haven't already and as always thank you so much for supporting the monologue Project "
"https://www.youtube.com/watch?v=E7F-OymZVm4",fb1d1b14e_1,utterance_5.mp4,"I wish I wish I knew what you were thinking "
"https://www.youtube.com/watch?v=E7F-OymZVm4",fb1d1b14e_1,utterance_6.mp4,"I think that would help me I think I mean you know almost nothing about me and I only know what Andre told me about you "
"https://www.youtube.com/watch?v=E7F-OymZVm4",fb1d1b14e_1,utterance_8.mp4,"I've always had it in my mind that"
"https://www.youtube.com/watch?v=E7F-OymZVm4",fb1d1b14e_1,utterance_9.mp4,"one day we will be friends"
"https://www.youtube.com/watch?v=E7F-OymZVm4",fb1d1b14e_1,utterance_10.mp4,"hearing me but I bet you didn't know about Andre and me and if this hadn't happened "
"https://www.youtube.com/watch?v=E7F-OymZVm4",fb1d1b14e_1,utterance_11.mp4,"I wonder if he ever would have told you ever I mean when he was so sick in the hospital "
"https://www.youtube.com/watch?v=E7F-OymZVm4",fb1d1b14e_1,utterance_12.mp4,"if I asked him once I asked him"
"https://www.youtube.com/watch?v=E7F-OymZVm4",fb1d1b14e_1,utterance_13.mp4,"tell her she's your mother she won't mind but she was"
"https://www.youtube.com/watch?v=E7F-OymZVm4",fb1d1b14e_1,utterance_14.mp4,"he was so afraid of hurting you"
"https://www.youtube.com/watch?v=E7F-OymZVm4",fb1d1b14e_1,utterance_15.mp4,"and if you're Disapproval and I don't know I don't know which was worse"
"https://www.youtube.com/watch?v=E7F-OymZVm4",fb1d1b14e_1,utterance_17.mp4,"how many of us live in this city because we"
"https://www.youtube.com/watch?v=E7F-OymZVm4",fb1d1b14e_1,utterance_18.mp4,"we're afraid of hurting her mother's and and live in Mortal terror of their Disapproval we lose ourselves "
"https://www.youtube.com/watch?v=E7F-OymZVm4",fb1d1b14e_1,utterance_19.mp4,"our lives are furtive just our feelings towards people like you are a city a city of fugitives from our parents Koran or heart "
"https://www.youtube.com/watch?v=E7F-OymZVm4",fb1d1b14e_1,utterance_20.mp4,"you know sometimes he seemed a little down and and I say hey babe what's the matter and this "
"https://www.youtube.com/watch?v=E7F-OymZVm4",fb1d1b14e_1,utterance_21.mp4,"sweet sad smile will come across his face and say I'm just so homesick kiel "
"https://www.youtube.com/watch?v=E7F-OymZVm4",fb1d1b14e_1,utterance_22.mp4,"when I was teaching about Pinterest"
"https://www.youtube.com/watch?v=E7F-OymZVm4",fb1d1b14e_1,utterance_23.mp4,"a country boy playing at being a hot shot sophisticated"
"https://www.youtube.com/watch?v=E7F-OymZVm4",fb1d1b14e_1,utterance_24.mp4,"boatshed this this this is all b*******"
"https://www.youtube.com/watch?v=E7F-OymZVm4",fb1d1b14e_1,utterance_25.mp4,"do you remember the Comic Strip little Lulu Lulu small movement had no name she was "
"https://www.youtube.com/watch?v=E7F-OymZVm4",fb1d1b14e_1,utterance_26.mp4,"formidable to all the children as she was just"
"https://www.youtube.com/watch?v=E7F-OymZVm4",fb1d1b14e_1,utterance_27.mp4,"Lulu's Mother hello Lulu's mother all of Lulu's friends would say she was honest Anonymous in her remoteness "
"https://www.youtube.com/watch?v=E7F-OymZVm4",fb1d1b14e_1,utterance_28.mp4,"you remind me of her Andre's mother"
"https://www.youtube.com/watch?v=E7F-OymZVm4",fb1d1b14e_1,utterance_29.mp4,"let me answer all the questions that you can ask and then I'll leave you alone and you'll never have to see me again ok Andre died of AIDS I don't know how he got it "
"https://www.youtube.com/watch?v=E7F-OymZVm4",fb1d1b14e_1,utterance_30.mp4,"tested negative he died bravely you would have been proud of him and the only thing he was afraid of was you"
"https://www.youtube.com/watch?v=E7F-OymZVm4",fb1d1b14e_1,utterance_31.mp4,"I have all his stuff I have it sent to you I'll pay for it and there isn't much you should have come up the summary played Hamlet he was magnificent "
"https://www.youtube.com/watch?v=E7F-OymZVm4",fb1d1b14e_1,utterance_32.mp4,"and yes I'm bitter I'm"
"https://www.youtube.com/watch?v=E7F-OymZVm4",fb1d1b14e_1,utterance_33.mp4,"I am better than I've lost him I'm better what's happening I'm I'm better even now after all of this after "
"https://www.youtube.com/watch?v=E7F-OymZVm4",fb1d1b14e_1,utterance_34.mp4,"should I keep f****** RedTube"
"https://www.youtube.com/watch?v=E7F-OymZVm4",fb1d1b14e_1,utterance_35.mp4,"I am beginning to feel your Disapproval and frankly it makes me sick"
"https://www.youtube.com/watch?v=E7F-OymZVm4",fb1d1b14e_1,utterance_37.mp4,"sorry old pal I blew it"
"https://www.youtube.com/watch?v=E7F-OymZVm4",fb1d1b14e_1,utterance_38.mp4,""
"https://www.youtube.com/watch?v=E7F-OymZVm4",fb1d1b14e_1,utterance_39.mp4,"cats and pipes of angels sing thee to thy rest "
"https://www.youtube.com/watch?v=E7F-OymZVm4",fb1d1b14e_1,utterance_40.mp4,"goodbye Andre's mother"
"https://www.youtube.com/watch?v=jYErO4Ibjt4",2c4ad740c_1,utterance_1.mp4,"everybody is Candice and I am back with the model of project and this week we're doing a pee smell when I called lose another one "
"https://www.youtube.com/watch?v=jYErO4Ibjt4",2c4ad740c_1,utterance_2.mp4,"in this piece Welwyn is appealing to her caseworker to try and get a child back at the top of taking away because of allegations of abuse"
"https://www.youtube.com/watch?v=jYErO4Ibjt4",2c4ad740c_1,utterance_3.mp4,"and has got a new player to try and get him back with very intense marvelon hope you like it subscribe to the Channel if you haven't "
"https://www.youtube.com/watch?v=jYErO4Ibjt4",2c4ad740c_1,utterance_4.mp4,"and as always thank you so much for supporting the Mallard Project"
"https://www.youtube.com/watch?v=jYErO4Ibjt4",2c4ad740c_1,utterance_5.mp4,"a real good idea through good to you I'm fixing the mobile on hey you don't know what you have but"
"https://www.youtube.com/watch?v=jYErO4Ibjt4",2c4ad740c_1,utterance_6.mp4,"give me a place to live and maybe record "
"https://www.youtube.com/watch?v=jYErO4Ibjt4",2c4ad740c_1,utterance_7.mp4,"mamografia song company or a waitress I could do that "
"https://www.youtube.com/watch?v=jYErO4Ibjt4",2c4ad740c_1,utterance_8.mp4,"first maybe moving out and I can move it back yard and no I won't even let eBay "
"https://www.youtube.com/watch?v=jYErO4Ibjt4",2c4ad740c_1,utterance_10.mp4,"Debenhams Ashford "
"https://www.youtube.com/watch?v=jYErO4Ibjt4",2c4ad740c_1,utterance_11.mp4,"we just a lot pressure on us and we're taking it out on "
"https://www.youtube.com/watch?v=jYErO4Ibjt4",2c4ad740c_1,utterance_12.mp4,"come and visit you know no matter how much he was added to see his son "
"https://www.youtube.com/watch?v=jYErO4Ibjt4",2c4ad740c_1,utterance_13.mp4,"your mum and needs to see a chat you know that don't you I know you do "
"https://www.youtube.com/watch?v=jYErO4Ibjt4",2c4ad740c_1,utterance_14.mp4,"Amy and Jordan you can come and visit him you know you can take your question "
"https://www.youtube.com/watch?v=jYErO4Ibjt4",2c4ad740c_1,utterance_15.mp4,"we could share"
"https://www.youtube.com/watch?v=cv3zSapur9w",3a700d419_1,utterance_3.mp4,"you must be careful when you're British "
"https://www.youtube.com/watch?v=cv3zSapur9w",3a700d419_1,utterance_4.mp4,"Hairy Dieters"
"https://www.youtube.com/watch?v=cv3zSapur9w",3a700d419_1,utterance_5.mp4,"delete experience before you try something so we approaching agent approaching carefully make sure you have some experience first "
"https://www.youtube.com/watch?v=cv3zSapur9w",3a700d419_1,utterance_6.mp4,"could you don't want to ruin your one opportunity "
"https://www.youtube.com/watch?v=cv3zSapur9w",3a700d419_1,utterance_7.mp4,"be prepared "
"https://www.youtube.com/watch?v=4Bht9GsKQmw",4b93b8b75_1,utterance_1.mp4,"hey drama coaches why are you wasting your money and expensive royalties and scripts to those snobby New York pub "
"https://www.youtube.com/watch?v=4Bht9GsKQmw",4b93b8b75_1,utterance_2.mp4,"when you can get free scripts from three drama.net that's right there free Wi-Fi spend all your money on replace people "
"https://www.youtube.com/watch?v=4Bht9GsKQmw",4b93b8b75_1,utterance_3.mp4,"a million times get some new original plays at 3 drama.net for free"
"https://www.youtube.com/watch?v=4Uvg3eD43HE",7e4854cd1_1,utterance_1.mp4,"everybody it's Candice and I am back with MATLAB project and this week we're doing a model up from a film called election Alexander Payne "
"https://www.youtube.com/watch?v=4Uvg3eD43HE",7e4854cd1_1,utterance_2.mp4,"starred Matthew Broderick and Reese Witherspoon she played Tracy flick this type a obsessive over teething "
"https://www.youtube.com/watch?v=4Uvg3eD43HE",7e4854cd1_1,utterance_3.mp4,"High School class president and this is her speech funny and short grey audition piece so like subscribe share "
"https://www.youtube.com/watch?v=4Uvg3eD43HE",7e4854cd1_1,utterance_4.mp4,"as always thank you so much for supporting the Mallard Project"
"https://www.youtube.com/watch?v=4Uvg3eD43HE",7e4854cd1_1,utterance_5.mp4,"poet Henry David Thoreau once wrote I cannot make my days longer so I strive to make them better"
"https://www.youtube.com/watch?v=4Uvg3eD43HE",7e4854cd1_1,utterance_6.mp4,"with this election will he recover also have an opportunity to make her High School Days better during this "
"https://www.youtube.com/watch?v=4Uvg3eD43HE",7e4854cd1_1,utterance_7.mp4,"many of you about your many concerns I spoke to Eliza Ramirez a freshman that she feels alienated in her own "
"https://www.youtube.com/watch?v=4Uvg3eD43HE",7e4854cd1_1,utterance_8.mp4,"Reggie banks a sophomore who said his mother works in the cafeteria and cannot afford to buy spiral notebooks first class "
"https://www.youtube.com/watch?v=4Uvg3eD43HE",7e4854cd1_1,utterance_9.mp4,"care about Carver and I care about each and everyone of you and together we can all make a difference when you "
"https://www.youtube.com/watch?v=4Uvg3eD43HE",7e4854cd1_1,utterance_10.mp4,"Tracy flick next week you won't just be boring for me you'll be building for yourself in for every others doing here at Carver"
"https://www.youtube.com/watch?v=4Uvg3eD43HE",7e4854cd1_1,utterance_11.mp4,"we might not be able to make our days any longer but we can sure make them better thank you "
"https://www.youtube.com/watch?v=c-_-69ggg_g",9c772b88e_1,utterance_1.mp4,"why do stars appear in the sky"
"https://www.youtube.com/watch?v=c-_-69ggg_g",9c772b88e_1,utterance_3.mp4,"I can't tell them I can always look up in no they don't be there for"
"https://www.youtube.com/watch?v=c-_-69ggg_g",9c772b88e_1,utterance_4.mp4,"German word for quickly"
"https://www.youtube.com/watch?v=c-_-69ggg_g",9c772b88e_1,utterance_5.mp4,"have a moment with a shiny don't worry"
"https://www.youtube.com/watch?v=c-_-69ggg_g",9c772b88e_1,utterance_6.mp4,"the bin"
"https://www.youtube.com/watch?v=c-_-69ggg_g",9c772b88e_1,utterance_8.mp4,"sometimes the stars in the sky I can always "
"https://www.youtube.com/watch?v=c-_-69ggg_g",9c772b88e_1,utterance_9.mp4,"I know they're ready for me to make a wish "
"https://www.youtube.com/watch?v=c-_-69ggg_g",9c772b88e_1,utterance_10.mp4,""
"https://www.youtube.com/watch?v=c-_-69ggg_g",9c772b88e_1,utterance_11.mp4,"hope for the world helpful piece"
"https://www.youtube.com/watch?v=c-_-69ggg_g",9c772b88e_1,utterance_12.mp4,"hope for a future with no one has more than anybody else and money is a thing of the past "
"https://www.youtube.com/watch?v=c-_-69ggg_g",9c772b88e_1,utterance_13.mp4,"future where everyone is taking "
"https://www.youtube.com/watch?v=c-_-69ggg_g",9c772b88e_1,utterance_14.mp4,"I want to be together for "
"https://www.youtube.com/watch?v=c-_-69ggg_g",9c772b88e_1,utterance_15.mp4,"my wish "
"https://www.youtube.com/watch?v=ZBu0wuOfPkg",50c601f3f_1,utterance_1.mp4,"welcome back to the Mallard project and Candice jobs and this week we're doing the effect of gamma rays on man-in-the-moon marigolds "
"https://www.youtube.com/watch?v=ZBu0wuOfPkg",50c601f3f_1,utterance_2.mp4,"it's one of Poulter prize Ian Dando beach and it centres are around a mother who is Burma to the victim of her circumstances "
"https://www.youtube.com/watch?v=ZBu0wuOfPkg",50c601f3f_1,utterance_3.mp4,"asking vendor Matilda or telly who is very shy but has natural science and this is Tilly opening my locker for home "
"https://www.youtube.com/watch?v=ZBu0wuOfPkg",50c601f3f_1,utterance_4.mp4,"I'm very delicate I hope you like it share with your friends subscribe to the tune of you haven't already and as always thank you so much for supporting tomorrow "
"https://www.youtube.com/watch?v=ZBu0wuOfPkg",50c601f3f_1,utterance_5.mp4,"heat on my hair for part of it had come from a star that exploded 202 imagine "
"https://www.youtube.com/watch?v=ZBu0wuOfPkg",50c601f3f_1,utterance_6.mp4,"in this part of me was formed mitama fire that screamed through the heavens until it was her son "
"https://www.youtube.com/watch?v=ZBu0wuOfPkg",50c601f3f_1,utterance_7.mp4,"was on the side "
"https://www.youtube.com/watch?v=ZBu0wuOfPkg",50c601f3f_1,utterance_8.mp4,"to be in this part of us then a whisper the Earth and whenever "
"https://www.youtube.com/watch?v=ZBu0wuOfPkg",50c601f3f_1,utterance_9.mp4,"perhaps it was a fair that crashed and covered until the school and then "
"https://www.youtube.com/watch?v=ZBu0wuOfPkg",50c601f3f_1,utterance_10.mp4,"just beautiful I started first "
"https://www.youtube.com/watch?v=ZBu0wuOfPkg",50c601f3f_1,utterance_11.mp4,"best part of me or perhaps it was a huge bird that flew of the primeval smarts "
"https://www.youtube.com/watch?v=ZBu0wuOfPkg",50c601f3f_1,utterance_12.mp4,"he said this part of me so small can be seen"
"https://www.youtube.com/watch?v=ZBu0wuOfPkg",50c601f3f_1,utterance_13.mp4,"but it was there since the beginning of the world he called this bit "
"https://www.youtube.com/watch?v=ZBu0wuOfPkg",50c601f3f_1,utterance_14.mp4,"images of the word film "
"https://www.youtube.com/watch?v=ZBu0wuOfPkg",50c601f3f_1,utterance_15.mp4,"beautiful world"
"https://www.youtube.com/watch?v=wftcpEbivRo",179b7f51a_1,utterance_1.mp4,"hi guys my name is Katie darling I'm going to give you my acting tips today instead of giving you a list of "
"https://www.youtube.com/watch?v=wftcpEbivRo",179b7f51a_1,utterance_2.mp4,"I think I'm going to just kind of give you how I approach acting I feel like adding is going to be different for every person "
"https://www.youtube.com/watch?v=wftcpEbivRo",179b7f51a_1,utterance_3.mp4,"Sandero lessons I have learnt through different acting classes are YouTube videos or whatever else but I feel like just don't work for me and then others "
"https://www.youtube.com/watch?v=wftcpEbivRo",179b7f51a_1,utterance_4.mp4,"feel like I have to figure out what works for them and when you're approaching acting"
"https://www.youtube.com/watch?v=wftcpEbivRo",179b7f51a_1,utterance_5.mp4,"so the temperature feel like the number one most important thing to under "
"https://www.youtube.com/watch?v=wftcpEbivRo",179b7f51a_1,utterance_6.mp4,"is that you have to be in the moment and you have to be feeling better characters feeling let all of the everything that you've learnt olivine "
"https://www.youtube.com/watch?v=wftcpEbivRo",179b7f51a_1,utterance_7.mp4,"methods you never meant I let all of the thoughts that come around in your mind like oh I feel like that was great for"
"https://www.youtube.com/watch?v=wftcpEbivRo",179b7f51a_1,utterance_8.mp4,"really feeling in the moment there or whatever you have to let us know when you just have to be feeling what a character is feeling "
"https://www.youtube.com/watch?v=wftcpEbivRo",179b7f51a_1,utterance_9.mp4,"how I do that I feel like again this is going to be different for every person but for me what I do is I actually for "
"https://www.youtube.com/watch?v=wftcpEbivRo",179b7f51a_1,utterance_10.mp4,"weather at the Marriott just friend of mine some mornings"
"https://www.youtube.com/watch?v=wftcpEbivRo",179b7f51a_1,utterance_11.mp4,"7 people recommend that you put yourself in your character"
"https://www.youtube.com/watch?v=wftcpEbivRo",179b7f51a_1,utterance_12.mp4,"and that your character's somehow part of you and you just bring yourself to whatever character you overtrain"
"https://www.youtube.com/watch?v=wftcpEbivRo",179b7f51a_1,utterance_13.mp4,"I don't understand it but it does not work for me at all I have to either be me "
"https://www.youtube.com/watch?v=wftcpEbivRo",179b7f51a_1,utterance_14.mp4,"when I tried to be me and somebody hospital time and like thinking you know of things that have happened in my life "
"https://www.youtube.com/watch?v=wftcpEbivRo",179b7f51a_1,utterance_15.mp4,"I'm trying to create when I'm thinking about happening"
"https://www.youtube.com/watch?v=wftcpEbivRo",179b7f51a_1,utterance_16.mp4,"cardamom Acacia when somebody doesn't work it all I do is "
"https://www.youtube.com/watch?v=wftcpEbivRo",179b7f51a_1,utterance_17.mp4,"you absolutely must take your character seriously I think the reason why people recommend "
"https://www.youtube.com/watch?v=wftcpEbivRo",179b7f51a_1,utterance_18.mp4,"yourself and your character is because they want you to take that you're too seriously and you don't want to go to somebody else"
"https://www.youtube.com/watch?v=wftcpEbivRo",179b7f51a_1,utterance_19.mp4,"no you have to really get involved in with the characters feeling and you have to you have to have an appreciation "
"https://www.youtube.com/watch?v=wftcpEbivRo",179b7f51a_1,utterance_20.mp4,"character and you have to care about that character like you care for yourself if that makes sense you can't just like blew it off like "
"https://www.youtube.com/watch?v=wftcpEbivRo",179b7f51a_1,utterance_21.mp4,"you have to me you have to really care about is you know "
"https://www.youtube.com/watch?v=wftcpEbivRo",179b7f51a_1,utterance_22.mp4,"weather going through the lights at the moment you have to be completely involved in the vomit rescue right now you can't be thinking forward next line "
"https://www.youtube.com/watch?v=wftcpEbivRo",179b7f51a_1,utterance_23.mp4,"you can't be thinking about what's going to happen next in the sea know what can happen next in your character's life because that in human we not do that it's human beings that "
"https://www.youtube.com/watch?v=wftcpEbivRo",179b7f51a_1,utterance_24.mp4,"so you have to be completely in the moment you know whoever your character is you have to be there with your character experiencing what they're experiencing "
"https://www.youtube.com/watch?v=wftcpEbivRo",179b7f51a_1,utterance_25.mp4,"you don't even you never know I mean sometimes when you're acting as though you know sometimes things "
"https://www.youtube.com/watch?v=wftcpEbivRo",179b7f51a_1,utterance_26.mp4,"just filled wedding character is feeling is the main thing and when I do as I take this note "
"https://www.youtube.com/watch?v=wftcpEbivRo",179b7f51a_1,utterance_27.mp4,"who what when where who is my character what is their background and did they have "
"https://www.youtube.com/watch?v=wftcpEbivRo",179b7f51a_1,utterance_28.mp4,"it's relation to them and they have good friends do they have good friends now just "
"https://www.youtube.com/watch?v=wftcpEbivRo",179b7f51a_1,utterance_29.mp4,"that you can think of that might define your character you need inserts in your mind and what's happening in the theme what time of day is it "
"https://www.youtube.com/watch?v=wftcpEbivRo",179b7f51a_1,utterance_30.mp4,"make sure you have an answer to you is that's really going to help you connect with your character in That's really going to help you enter know why "
"https://www.youtube.com/watch?v=wftcpEbivRo",179b7f51a_1,utterance_31.mp4,"are you going to the scene when what does your character what do they want and they want to convince the other person in the Cena something do it when I just get away "
"https://www.youtube.com/watch?v=wftcpEbivRo",179b7f51a_1,utterance_32.mp4,"maybe whatever is it seems like what does your character what and then why happened in my life "
"https://www.youtube.com/watch?v=q2WcRtefhjM",3974e282c_1,utterance_1.mp4,"sometimes you giving everything and it means nothing my parents gave me all the lessons I was support everything I needed "
"https://www.youtube.com/watch?v=q2WcRtefhjM",3974e282c_1,utterance_2.mp4,"classically trained musician but somehow I left empty I slowly realised what I was doing"
"https://www.youtube.com/watch?v=q2WcRtefhjM",3974e282c_1,utterance_3.mp4,"he had nothing to do with me but everything to do with them I spent most of my life doing things for others trying to figure out what are the people wanna meet "
"https://www.youtube.com/watch?v=q2WcRtefhjM",3974e282c_1,utterance_4.mp4,"that was always getting out what might make my parents happy my friends happy I never asked myself I would make me happy that was so worried "
"https://www.youtube.com/watch?v=q2WcRtefhjM",3974e282c_1,utterance_5.mp4,"liking me and thinking I was selfish but being selfless can leave a person feeling less empty "
"https://www.youtube.com/watch?v=q2WcRtefhjM",3974e282c_1,utterance_6.mp4,"and without an identity so I finally get tired of it all and quit quit everything quit the symphony quit the social pressure quit worrying about "
"https://www.youtube.com/watch?v=q2WcRtefhjM",3974e282c_1,utterance_7.mp4,"start of me and found out who my real friends were I found out who could appreciate me for me not for what I "
"https://www.youtube.com/watch?v=q2WcRtefhjM",3974e282c_1,utterance_8.mp4,"do for them and you know I realised after I got a little bit for myself but I realised I wanted to be a rockstar I know it's crazy but it's something like "
"https://www.youtube.com/watch?v=q2WcRtefhjM",3974e282c_1,utterance_9.mp4,"it's something that makes you feel alive and even if I fail at least I tried and at least I was happy"
"https://www.youtube.com/watch?v=q2WcRtefhjM",3974e282c_1,utterance_10.mp4,"how do you make and save data happier with a failure than a success"
"https://www.youtube.com/watch?v=TeM9GyKMy9Y",7108cf2a9_1,utterance_1.mp4,"welcome back to the Mallard project I'm kind of shorts and this week for doing a play called pizza man this is Julie's Matalan and this play "
"https://www.youtube.com/watch?v=TeM9GyKMy9Y",7108cf2a9_1,utterance_2.mp4,"two women who have had a very rough day one as a job when there's a boyfriend and they come home and decide to seek Vengeance"
"https://www.youtube.com/watch?v=TeM9GyKMy9Y",7108cf2a9_1,utterance_3.mp4,"and lo and behold a pizza man shows up and shenanigans in soo so I hope you like the monologue shirt "
"https://www.youtube.com/watch?v=TeM9GyKMy9Y",7108cf2a9_1,utterance_4.mp4,"he haven't already and as always thank you so much for supporting the model on project "
"https://www.youtube.com/watch?v=TeM9GyKMy9Y",7108cf2a9_1,utterance_5.mp4,"I'm doing fine thank you today is not day I usually do fine I get numb "
"https://www.youtube.com/watch?v=TeM9GyKMy9Y",7108cf2a9_1,utterance_6.mp4,"supermarkets in life zombie never getting upset never getting angry I did go to the supermarket Today "
"https://www.youtube.com/watch?v=TeM9GyKMy9Y",7108cf2a9_1,utterance_7.mp4,"stood in the jams and jellies for 15 minutes 15 minutes hours couldn't decide mint jelly Orange "
"https://www.youtube.com/watch?v=TeM9GyKMy9Y",7108cf2a9_1,utterance_8.mp4,"don't know what I want for the first time in my life that pissed me off I wanted to smash"
"https://www.youtube.com/watch?v=TeM9GyKMy9Y",7108cf2a9_1,utterance_9.mp4,"every jar on a Shelf I wanted to rent in every aisle and strawberry thing under the floor I wanted to explode but I didn't "
"https://www.youtube.com/watch?v=TeM9GyKMy9Y",7108cf2a9_1,utterance_10.mp4,"I want to start drinking a drink everything is nothing "
"https://www.youtube.com/watch?v=OcEXF9GMEqs",bcbdeab0e_1,utterance_2.mp4,"quotes about happiness"
"https://www.youtube.com/watch?v=OcEXF9GMEqs",bcbdeab0e_1,utterance_3.mp4,"my father was a police officer respectful"
"https://www.youtube.com/watch?v=OcEXF9GMEqs",bcbdeab0e_1,utterance_5.mp4,"mum is always so nervous about it"
"https://www.youtube.com/watch?v=OcEXF9GMEqs",bcbdeab0e_1,utterance_6.mp4,"I was too worried something might happen"
"https://www.youtube.com/watch?v=OcEXF9GMEqs",bcbdeab0e_1,utterance_7.mp4,"crazy people in the world"
"https://www.youtube.com/watch?v=OcEXF9GMEqs",bcbdeab0e_1,utterance_8.mp4,"we watch the news every night"
"https://www.youtube.com/watch?v=OcEXF9GMEqs",bcbdeab0e_1,utterance_9.mp4,"where are you we may hear something about"
"https://www.youtube.com/watch?v=OcEXF9GMEqs",bcbdeab0e_1,utterance_10.mp4,"Newsround little horrible teachers officer"
"https://www.youtube.com/watch?v=OcEXF9GMEqs",bcbdeab0e_1,utterance_11.mp4,"always grimblethorpe"
"https://www.youtube.com/watch?v=OcEXF9GMEqs",bcbdeab0e_1,utterance_12.mp4,"she had know he was ok"
"https://www.youtube.com/watch?v=OcEXF9GMEqs",bcbdeab0e_1,utterance_15.mp4,"and we by my bedroom window"
"https://www.youtube.com/watch?v=OcEXF9GMEqs",bcbdeab0e_1,utterance_16.mp4,"Halloween"
"https://www.youtube.com/watch?v=p4MgqxPvHkg",c96848202_1,utterance_1.mp4,"Burnley"
"https://www.youtube.com/watch?v=p4MgqxPvHkg",c96848202_1,utterance_2.mp4,"give me the song I will give you my all I dedicate myself to use Calgon"
"https://www.youtube.com/watch?v=p4MgqxPvHkg",c96848202_1,utterance_3.mp4,"I know it seems like "
"https://www.youtube.com/watch?v=p4MgqxPvHkg",c96848202_1,utterance_4.mp4,"worried about something"
"https://www.youtube.com/watch?v=p4MgqxPvHkg",c96848202_1,utterance_5.mp4,"wetheriggs I know what to talk to you when things are good I know it's good to be grateful for good things to God"
"https://www.youtube.com/watch?v=p4MgqxPvHkg",c96848202_1,utterance_6.mp4,"I just forget forgive me forget forget forget forget it sorry "
"https://www.youtube.com/watch?v=p4MgqxPvHkg",c96848202_1,utterance_7.mp4,"sorry but anyhow I really need this"
"https://www.youtube.com/watch?v=p4MgqxPvHkg",c96848202_1,utterance_8.mp4,"I have never wanted anything so much in my life"
"https://www.youtube.com/watch?v=p4MgqxPvHkg",c96848202_1,utterance_9.mp4,"please help my team win this Sunday"
"https://www.youtube.com/watch?v=p4MgqxPvHkg",c96848202_1,utterance_10.mp4,"I have a lot riding on this one in it this one to me I promise to be the church every Sunday"
"https://www.youtube.com/watch?v=p4MgqxPvHkg",c96848202_1,utterance_11.mp4,""
"https://www.youtube.com/watch?v=Gw79oIuAuMU",71091df7b_10,utterance_112.mp4,"our latest investigative report has revealed an amazing educational resource "
"https://www.youtube.com/watch?v=Gw79oIuAuMU",71091df7b_10,utterance_113.mp4,"SIII drama.net freedrama.net office free healthy schools and community theatres actors will love "
"https://www.youtube.com/watch?v=Gw79oIuAuMU",71091df7b_10,utterance_114.mp4,"learn more at a free drama.net"
"https://www.youtube.com/watch?v=TIs4tX3SlLY",d2ed51271_2,utterance_5.mp4,"the landing at American school "
"https://www.youtube.com/watch?v=TIs4tX3SlLY",d2ed51271_2,utterance_6.mp4,"boring song like Beethoven something"
"https://www.youtube.com/watch?v=TIs4tX3SlLY",d2ed51271_2,utterance_10.mp4,"ask your own impossible and I stuck in a Bulgaria Across the Border believe it even knows we close about it anymore "
"https://www.youtube.com/watch?v=TIs4tX3SlLY",d2ed51271_2,utterance_11.mp4,"so complicated country is a Protectorate breakaway"
"https://www.youtube.com/watch?v=TIs4tX3SlLY",d2ed51271_2,utterance_12.mp4,"Gillingham coming out Michelle"
"https://www.youtube.com/watch?v=mZUIg1cEo8M",0cf41d04d_1,utterance_24.mp4,"there's no cure for brain injury there's no cure for post-traumatic stress disorder but there is no in the military we teach your guys you got a headache it back "
"https://www.youtube.com/watch?v=mZUIg1cEo8M",0cf41d04d_1,utterance_25.mp4,"tools in their kit bag"
"https://www.youtube.com/watch?v=mZUIg1cEo8M",0cf41d04d_1,utterance_28.mp4,"crying because she just went out to dinner with her husband and nothing went wrong it was such a rewarding and I "
"https://www.youtube.com/watch?v=mZUIg1cEo8M",0cf41d04d_1,utterance_30.mp4,"PTSD"
"https://www.youtube.com/watch?v=PNbenf7oyvU",0e02ee3c5_3,utterance_19.mp4,"tell me more about your family I had 26 brothers and sisters 5 of them became priests "
"https://www.youtube.com/watch?v=PNbenf7oyvU",0e02ee3c5_3,utterance_20.mp4,"became the rest of them were institutionalised and another was also institutionalized "
"https://www.youtube.com/watch?v=PNbenf7oyvU",0e02ee3c5_3,utterance_21.mp4,"my father was to come home and would be able to find my mother "
"https://www.youtube.com/watch?v=PNbenf7oyvU",0e02ee3c5_3,utterance_22.mp4,"when we find her with heaven we would pray to St Jude patron saint of lost causes crazy anymore "
"https://www.youtube.com/watch?v=PNbenf7oyvU",0e02ee3c5_3,utterance_24.mp4,"arbitrators advert"
"https://www.youtube.com/watch?v=Mlx0nQ6Pjz0",1e0c8219d_1,utterance_1.mp4,"bring learning to life with free drama.net discover free educational materials that improve speech and communication skills"
"https://www.youtube.com/watch?v=Mlx0nQ6Pjz0",1e0c8219d_1,utterance_2.mp4,"try improv games or bad scripts entertaining fill-in-the-blank players that are different every time you use them"
"https://www.youtube.com/watch?v=Mlx0nQ6Pjz0",1e0c8219d_1,utterance_3.mp4,"make learning fun with free drama.net"
"https://www.youtube.com/watch?v=5r98OijJSGE",2debca276_2,utterance_17.mp4,"a little bit clearer now there is mixed in this this month it's mixed in with audition because I'm teaching audition technique over the American Academy equator "
"https://www.youtube.com/watch?v=5r98OijJSGE",2debca276_2,utterance_18.mp4,"they're doing an all advanced auditioning technique so you can kind of double bang for the buck if you go on the website and you'll see all kind of cool stuff in there about that intense "
"https://www.youtube.com/watch?v=5r98OijJSGE",2debca276_2,utterance_19.mp4,"some real cool videos in there this week as well she might want to check that out right now "
"https://www.youtube.com/watch?v=5r98OijJSGE",2debca276_2,utterance_21.mp4,"people who haven't really consciously done this before try to bring food into the scene and some of you guys figured that out last week that it isn't very easy some of your little be more successful "
"https://www.youtube.com/watch?v=5r98OijJSGE",2debca276_2,utterance_22.mp4,"but you see that all different types of food can be taken for granted because ultimately that food has to be integrated into the scene "
"https://www.youtube.com/watch?v=5r98OijJSGE",2debca276_2,utterance_23.mp4,"edit on in that whole edit on thing is whenever you're adding anything onto your character work you have to come into a place of integration so where you are watch "
"https://www.youtube.com/watch?v=5r98OijJSGE",2debca276_2,utterance_24.mp4,"we're in the room the shirts that you were in the shoes that you have on your feet any of the adornments that you wearing a hat if that's the case whatever it is that you have that you "
"https://www.youtube.com/watch?v=5r98OijJSGE",2debca276_2,utterance_26.mp4,"Christina you normally wear a hat you wear a hat you don't think a lot about the head you were a hell of a time but if we were to take that off and put it on somebody else in the studio necessarily always wear a hat "
"https://www.youtube.com/watch?v=O1qw9LRuSho",3ecbd1402_3,utterance_32.mp4,"ok markets start to look even after me for the past hour about this in really don't want to go on a blind date ok that's where single people go to die "
"https://www.youtube.com/watch?v=O1qw9LRuSho",3ecbd1402_3,utterance_33.mp4,"ok in Miami right now"
"https://www.youtube.com/watch?v=O1qw9LRuSho",3ecbd1402_3,utterance_34.mp4,"and I did that line on season 1 of Dexter "
"https://www.youtube.com/watch?v=O1qw9LRuSho",3ecbd1402_5,utterance_59.mp4,""
"https://www.youtube.com/watch?v=O1qw9LRuSho",3ecbd1402_5,utterance_61.mp4,"get from B&Q today what you looking for in a man"
"https://www.youtube.com/watch?v=O1qw9LRuSho",3ecbd1402_5,utterance_62.mp4,"your dreams 1st July"
"https://www.youtube.com/watch?v=O1qw9LRuSho",3ecbd1402_5,utterance_63.mp4,"I could do that"
"https://www.youtube.com/watch?v=O1qw9LRuSho",3ecbd1402_5,utterance_64.mp4,"but there done that got a minute here"
"https://www.youtube.com/watch?v=O1qw9LRuSho",3ecbd1402_5,utterance_65.mp4,"sexist you are very important to me "
"https://www.youtube.com/watch?v=O1qw9LRuSho",3ecbd1402_5,utterance_66.mp4,"important important"
"https://www.youtube.com/watch?v=AULvQ0ruc04",4ae5ecb00_1,utterance_1.mp4,"hello I'm taking applications to my official bully I want to make sure that right person is picking on me day after day "
"https://www.youtube.com/watch?v=AULvQ0ruc04",4ae5ecb00_1,utterance_2.mp4,"absolutely unique and special relationship ready for some questions"
"https://www.youtube.com/watch?v=AULvQ0ruc04",4ae5ecb00_1,utterance_3.mp4,"ok postureform"
"https://www.youtube.com/watch?v=AULvQ0ruc04",4ae5ecb00_1,utterance_4.mp4,"are you interested in my lunch money or lunch"
"https://www.youtube.com/watch?v=AULvQ0ruc04",4ae5ecb00_1,utterance_5.mp4,"because if you need the cash I will bring that but if you have me to bring the lunch already prepared I can do "
"https://www.youtube.com/watch?v=AULvQ0ruc04",4ae5ecb00_1,utterance_6.mp4,"Italy my mother makes faceless food ok so I prefer cash only "
"https://www.youtube.com/watch?v=AULvQ0ruc04",4ae5ecb00_1,utterance_7.mp4,"jokes are you dumb knock-knock joke I'm very walk up and knock on my head nothing"
"https://www.youtube.com/watch?v=AULvQ0ruc04",4ae5ecb00_1,utterance_8.mp4,"I play with the fungi"
"https://www.youtube.com/watch?v=AULvQ0ruc04",4ae5ecb00_1,utterance_10.mp4,"Daniel victims right kind of relationship"
"https://www.youtube.com/watch?v=AULvQ0ruc04",4ae5ecb00_1,utterance_11.mp4,"yes I can provide services such as preparation and go forwarding and return I asked her that only receive "
"https://www.youtube.com/watch?v=AULvQ0ruc04",4ae5ecb00_2,utterance_13.mp4,"and then one more thing the most important part of all I forgot to add this how can I"
"https://www.youtube.com/watch?v=AULvQ0ruc04",4ae5ecb00_2,utterance_14.mp4,"I asked for your protection I want you to protect me from Moldova bullies this has to be honest "
"https://www.youtube.com/watch?v=AULvQ0ruc04",4ae5ecb00_2,utterance_15.mp4,"and you have to make sure that you step in at the post I definitely enjoy"
"https://www.youtube.com/watch?v=AULvQ0ruc04",4ae5ecb00_2,utterance_16.mp4,"from other bullies I like my day to be predictable in the morning lunch money "
"https://www.youtube.com/watch?v=8eQDRid7AqU",7b3904aa4_1,utterance_1.mp4,"everybody welcome back to the Matalan project and Candice hammer Actually trailer welcome back in yours "
"https://www.youtube.com/watch?v=8eQDRid7AqU",7b3904aa4_1,utterance_2.mp4,"really want anything thanks for hanging in there I'm doing working as an actress and I'll show you is that work "
"https://www.youtube.com/watch?v=8eQDRid7AqU",7b3904aa4_1,utterance_3.mp4,"professional of also on the page to come back for that"
"https://www.youtube.com/watch?v=8eQDRid7AqU",7b3904aa4_1,utterance_4.mp4,"today is my favorite "
"https://www.youtube.com/watch?v=8eQDRid7AqU",7b3904aa4_1,utterance_5.mp4,"and it's actually service PIN on the Odyssey and I need to know for this monologue is that there is a cake in the "
"https://www.youtube.com/watch?v=8eQDRid7AqU",7b3904aa4_1,utterance_6.mp4,"it's one of June's birthday cake and she's explaining why no one ever picked up"
"https://www.youtube.com/watch?v=8eQDRid7AqU",7b3904aa4_1,utterance_7.mp4,"it's a bit funny and wonderful man like I hope you like it subscribe to the Channel if you haven't already and as always thank you so much for supporting "
"https://www.youtube.com/watch?v=8eQDRid7AqU",7b3904aa4_1,utterance_8.mp4,"hello my name is Rhonda "
"https://www.youtube.com/watch?v=8eQDRid7AqU",7b3904aa4_1,utterance_9.mp4,"today was going to be my birthday but I was hit by an ice cream truck driver before a week "
"https://www.youtube.com/watch?v=8eQDRid7AqU",7b3904aa4_1,utterance_10.mp4,"I'm dead now I'm in heaven and my parents did it go to the bakery to pick up the cake"
"https://www.youtube.com/watch?v=8eQDRid7AqU",7b3904aa4_1,utterance_11.mp4,"ice cream truck driver even though he was drunk when he hit me and her giving her "
"https://www.youtube.com/watch?v=8eQDRid7AqU",7b3904aa4_1,utterance_13.mp4,"I'm glad you hit me "
"https://www.youtube.com/watch?v=8eQDRid7AqU",7b3904aa4_1,utterance_14.mp4,"years years and years of had to go to high school first and then beauty college"
"https://www.youtube.com/watch?v=8eQDRid7AqU",7b3904aa4_1,utterance_15.mp4,"no you didn't have babies and everything"
"https://www.youtube.com/watch?v=Ci35m_3Az_4",7d0084def_6,utterance_65.mp4,"ok well here to check for that you're ready there's no rush so take your time you're a very customer"
"https://www.youtube.com/watch?v=Ci35m_3Az_4",7d0084def_6,utterance_67.mp4,"I'm actually a girl"
"https://www.youtube.com/watch?v=Ci35m_3Az_4",7d0084def_6,utterance_68.mp4,"doesn't matter "
"https://www.youtube.com/watch?v=Ci35m_3Az_4",7d0084def_6,utterance_69.mp4,"I couldn't take the true that there are more people in New Zealand "
"https://www.youtube.com/watch?v=DE2988hSCjQ",8e236ad62_1,utterance_8.mp4,"how to destroy my weapon today during a Robbery Communion crazy cracker get me in "
"https://www.youtube.com/watch?v=DE2988hSCjQ",8e236ad62_1,utterance_9.mp4,"I would run an older guy "
"https://www.youtube.com/watch?v=DE2988hSCjQ",8e236ad62_1,utterance_10.mp4,"people playing cops and robbers gun "
"https://www.youtube.com/watch?v=DE2988hSCjQ",8e236ad62_1,utterance_11.mp4,"how many hail Marys Cygnet take God to forgive me for that 10:20 because whatever you say I'm going to 1000 "
"https://www.youtube.com/watch?v=DE2988hSCjQ",8e236ad62_1,utterance_12.mp4,"how many hills is going to forgive me "
"https://www.youtube.com/watch?v=oIOEUN4yNgw",22e9f018d_2,utterance_27.mp4,"I really need a tetanus"
"https://www.youtube.com/watch?v=oIOEUN4yNgw",22e9f018d_2,utterance_29.mp4,"her name is harmony"
"https://www.youtube.com/watch?v=oIOEUN4yNgw",22e9f018d_2,utterance_33.mp4,"Erasure harmony"
"https://www.youtube.com/watch?v=oIOEUN4yNgw",22e9f018d_2,utterance_34.mp4,"suits"
"https://www.youtube.com/watch?v=oIOEUN4yNgw",22e9f018d_2,utterance_37.mp4,"contest not know about anything like that"
"https://www.youtube.com/watch?v=oIOEUN4yNgw",22e9f018d_2,utterance_41.mp4,"but I guess this"
"https://www.youtube.com/watch?v=oIOEUN4yNgw",22e9f018d_2,utterance_42.mp4,"Callaway Creole and so I was going to ask"
"https://www.youtube.com/watch?v=oIOEUN4yNgw",22e9f018d_2,utterance_44.mp4,"how to spin a pencil"
"https://www.youtube.com/watch?v=oIOEUN4yNgw",22e9f018d_2,utterance_45.mp4,"just hoping when I was five and I can have for my own yeah"
"https://www.youtube.com/watch?v=oIOEUN4yNgw",22e9f018d_2,utterance_46.mp4,"Criminal by 1080"
"https://www.youtube.com/watch?v=oIOEUN4yNgw",22e9f018d_2,utterance_48.mp4,"in harmony again"
"https://www.youtube.com/watch?v=oIOEUN4yNgw",22e9f018d_2,utterance_49.mp4,"taxi"
"https://www.youtube.com/watch?v=oIOEUN4yNgw",22e9f018d_2,utterance_50.mp4,"the beautiful home"
"https://www.youtube.com/watch?v=oIOEUN4yNgw",22e9f018d_2,utterance_51.mp4,""
"https://www.youtube.com/watch?v=oIOEUN4yNgw",22e9f018d_2,utterance_53.mp4,"I'm going to find a way to get into teaching"
"https://www.youtube.com/watch?v=oIOEUN4yNgw",22e9f018d_2,utterance_56.mp4,"Conor McGregor"
"https://www.youtube.com/watch?v=oIOEUN4yNgw",22e9f018d_2,utterance_62.mp4,"what is"
"https://www.youtube.com/watch?v=oIOEUN4yNgw",22e9f018d_2,utterance_63.mp4,"winky the principal always"
"https://www.youtube.com/watch?v=oIOEUN4yNgw",22e9f018d_2,utterance_64.mp4,"Subaru Old Basing at the back over the head "
"https://www.youtube.com/watch?v=j74Tply25yc",64b27f54f_4,utterance_67.mp4,"hey Bethany"
"https://www.youtube.com/watch?v=j74Tply25yc",64b27f54f_4,utterance_69.mp4,"what is wrong with you it is the case "
"https://www.youtube.com/watch?v=j74Tply25yc",64b27f54f_4,utterance_70.mp4,"what if I am as weak as you and Mum and Dad what happens when you think things will get better around here "
"https://www.youtube.com/watch?v=j74Tply25yc",64b27f54f_4,utterance_71.mp4,"Godfather Oldham"
"https://www.youtube.com/watch?v=j74Tply25yc",64b27f54f_4,utterance_72.mp4,"what should I do"
"https://www.youtube.com/watch?v=j74Tply25yc",64b27f54f_4,utterance_73.mp4,"Brian Tilsley "
"https://www.youtube.com/watch?v=j74Tply25yc",64b27f54f_4,utterance_74.mp4,"which is Sting"
"https://www.youtube.com/watch?v=w-P-1ecO4PI",78a906313_3,utterance_31.mp4,"that's the ideal go you're not stretching to do something that you are not so just a note on this about monologue"
"https://www.youtube.com/watch?v=w-P-1ecO4PI",78a906313_3,utterance_32.mp4,"most people do not know how to find the right monologue"
"https://www.youtube.com/watch?v=w-P-1ecO4PI",78a906313_3,utterance_33.mp4,"that seems"
"https://www.youtube.com/watch?v=w-P-1ecO4PI",78a906313_3,utterance_34.mp4,"I just don't know how to find the right monologue how could you not know how to find the right man like well if you don't know who you are"
"https://www.youtube.com/watch?v=w-P-1ecO4PI",78a906313_3,utterance_35.mp4,"and you doing things that are really you"
"https://www.youtube.com/watch?v=w-P-1ecO4PI",78a906313_3,utterance_36.mp4,"in in my work is a coach for 25 years coaching actors in monologues I I find most people don't have a clue they pick up them "
"https://www.youtube.com/watch?v=w-P-1ecO4PI",78a906313_3,utterance_37.mp4,"you just start reading until something feels cool"
"https://www.youtube.com/watch?v=w-P-1ecO4PI",78a906313_3,utterance_38.mp4,"I don't want to feel school though I want to learn this"
"https://www.youtube.com/watch?v=w-P-1ecO4PI",78a906313_3,utterance_39.mp4,"they're not calibrated how big it is"
"https://www.youtube.com/watch?v=w-P-1ecO4PI",78a906313_3,utterance_40.mp4,"and how much work they want to do and in make a decision impulse something out of a monologue book and then they'll put it up and it's just "
"https://www.youtube.com/watch?v=w-P-1ecO4PI",78a906313_3,utterance_41.mp4,"it's not an effective performance piece"
"https://www.youtube.com/watch?v=w-P-1ecO4PI",78a906313_3,utterance_42.mp4,"and I've seen it more than that and you'll see it"
"https://www.youtube.com/watch?v=w-P-1ecO4PI",78a906313_11,utterance_131.mp4,"in the eyes of all the controversy"
"https://www.youtube.com/watch?v=w-P-1ecO4PI",78a906313_11,utterance_132.mp4,"I don't like any of you that"
"https://www.youtube.com/watch?v=w-P-1ecO4PI",78a906313_11,utterance_133.mp4,"decided to make a life-changing anyone told your parents you're going to be an actor"
"https://www.youtube.com/watch?v=w-P-1ecO4PI",78a906313_11,utterance_134.mp4,"some of you don't even talk about it anymore cos you're trying to defend yourself "
"https://www.youtube.com/watch?v=w-P-1ecO4PI",78a906313_11,utterance_135.mp4,"you are your mind when are you going to get up"
"https://www.youtube.com/watch?v=w-P-1ecO4PI",78a906313_11,utterance_136.mp4,"when are you going to get a real Job when are you going to get a real job you haven't worked in mines what do you do in your putting all your money in "
"https://www.youtube.com/watch?v=w-P-1ecO4PI",78a906313_11,utterance_137.mp4,"the only dreams baby by in that process are you training now you guys are here or you're here you're always watching "
"https://www.youtube.com/watch?v=w-P-1ecO4PI",78a906313_12,utterance_140.mp4,"don't even know how long ago was one of the girls in the studio you coming about "
"https://www.youtube.com/watch?v=w-P-1ecO4PI",78a906313_12,utterance_142.mp4,"and I said ok you have to go down with the same work as you go to a gun range"
"https://www.youtube.com/watch?v=w-P-1ecO4PI",78a906313_12,utterance_143.mp4,"have you ever heard on the gun now well"
"https://www.youtube.com/watch?v=w-P-1ecO4PI",78a906313_12,utterance_144.mp4,"if you like playing carbs"
"https://www.youtube.com/watch?v=w-P-1ecO4PI",78a906313_12,utterance_145.mp4,"and you would like to play cards don't you think that maybe it might make sense to learn how to handle a weapon"
"https://www.youtube.com/watch?v=si68MocIFGo",254dc802d_1,utterance_1.mp4,"everybody is jealous and I am back with my life project and this week I am bringing you the normal heart by Larry Kramer this is a player gladiator Dami "
"https://www.youtube.com/watch?v=si68MocIFGo",254dc802d_1,utterance_3.mp4,"the National Health Institute for research fund for how many AIDS victims it's very powerful I hope you enjoy it share it with "
"https://www.youtube.com/watch?v=si68MocIFGo",254dc802d_1,utterance_4.mp4,"drive to the Channel and as always thank you so much for supporting the Mallard Project "
"https://www.youtube.com/watch?v=f7W-4HEGtHk",664ea0ccc_14,utterance_316.mp4,"I wanted the baby"
"https://www.youtube.com/watch?v=f7W-4HEGtHk",664ea0ccc_14,utterance_317.mp4,"I didn't get it then"
"https://www.youtube.com/watch?v=f7W-4HEGtHk",664ea0ccc_14,utterance_319.mp4,"but I get it now"
"https://www.youtube.com/watch?v=f7W-4HEGtHk",664ea0ccc_14,utterance_320.mp4,"convert"
"https://www.youtube.com/watch?v=f7W-4HEGtHk",664ea0ccc_14,utterance_322.mp4,"no matter how hard I try"
"https://www.youtube.com/watch?v=f7W-4HEGtHk",664ea0ccc_14,utterance_323.mp4,"he's not going to pop up"
"https://www.youtube.com/watch?v=f7W-4HEGtHk",664ea0ccc_14,utterance_324.mp4,"Italy"
"https://www.youtube.com/watch?v=f7W-4HEGtHk",664ea0ccc_14,utterance_325.mp4,"is just a joke"
"https://www.youtube.com/watch?v=f7W-4HEGtHk",664ea0ccc_18,utterance_365.mp4,"and my mother were all on a ship that was thinking and I can only say one of you forgot I "
"https://www.youtube.com/watch?v=f7W-4HEGtHk",664ea0ccc_18,utterance_366.mp4,"and I said about the same my mother and that's the wrong answer how can I be the wrong answer"
"https://www.youtube.com/watch?v=f7W-4HEGtHk",664ea0ccc_18,utterance_367.mp4,"you can swim she can't swim she can't even doggy paddle and they wonder why people don't do this primeiro thing"
"https://www.youtube.com/watch?v=f7W-4HEGtHk",664ea0ccc_18,utterance_368.mp4,"this is a pretty good reason I need counselling seeing the dead bodies of my family and friends flooring all around me "
"https://www.youtube.com/watch?v=f7W-4HEGtHk",664ea0ccc_18,utterance_369.mp4,"by Jimmy by Van Mark"
"https://www.youtube.com/watch?v=f7W-4HEGtHk",664ea0ccc_18,utterance_370.mp4,"not sorry I can't save you a merry now but it's ok Mum she's still at like you ok "
"https://www.youtube.com/watch?v=f7W-4HEGtHk",664ea0ccc_18,utterance_371.mp4,"I didn't mean that just the word out I know you're nothing like my mother and I x you can't even stand to be around"
"https://www.youtube.com/watch?v=f7W-4HEGtHk",664ea0ccc_18,utterance_372.mp4,"but the poor woman is dead for Pete's sake she's bloated and the pain on the bottom of the ocean floor "
"https://www.youtube.com/watch?v=f7W-4HEGtHk",664ea0ccc_18,utterance_373.mp4,"to answer your question I would say you even though even if"
"https://www.youtube.com/watch?v=f7W-4HEGtHk",664ea0ccc_18,utterance_374.mp4,"my mother was screaming my name at the top of your old tiling soon-to-be TK Maxx "
"https://www.youtube.com/watch?v=f7W-4HEGtHk",664ea0ccc_18,utterance_375.mp4,"are you happy now"
"https://www.youtube.com/watch?v=f7W-4HEGtHk",664ea0ccc_23,utterance_499.mp4,"I know I'm not as smart as you know maybe I can analyse and derive and speculate on"
"https://www.youtube.com/watch?v=f7W-4HEGtHk",664ea0ccc_23,utterance_500.mp4,"why we behave the way we do you read all of those books not me but I do know one thing I know how I I "
"https://www.youtube.com/watch?v=f7W-4HEGtHk",664ea0ccc_23,utterance_501.mp4,"I know but I can stand here watching you tried to destroy everything I've ever wanted in my life wanting to smash your face in with me "
"https://www.youtube.com/watch?v=f7W-4HEGtHk",664ea0ccc_23,utterance_502.mp4,"even the slightest effort for happiness and still know that I love you that is always "
"https://www.youtube.com/watch?v=f7W-4HEGtHk",664ea0ccc_23,utterance_503.mp4,"the one place I get all my strength from you mean so much to me that I am willing to stand here and take "
"https://www.youtube.com/watch?v=f7W-4HEGtHk",664ea0ccc_23,utterance_504.mp4,"and insulting in sensitivity and that's what you need to do to prove that I'm not going to leave you I promise I'm not going to st georg "
"https://www.youtube.com/watch?v=f7W-4HEGtHk",664ea0ccc_23,utterance_505.mp4,"that asking too much but if you want to test me go ahead and text me if you want to leave leave but I am not there "
"https://www.youtube.com/watch?v=f7W-4HEGtHk",664ea0ccc_23,utterance_506.mp4,"I don't know if I can take it for forever but I can take it for tonight and I can take it next week "
"https://www.youtube.com/watch?v=f7W-4HEGtHk",664ea0ccc_23,utterance_507.mp4,"hi maybe a little shaky let me tell you one thing George I feel so good about myself "
"https://www.youtube.com/watch?v=f7W-4HEGtHk",664ea0ccc_23,utterance_508.mp4,"but I felt when I ran away from Cleveland it was frightened to death of New York better than I felt when I thought there was no one in the world "
"https://www.youtube.com/watch?v=f7W-4HEGtHk",664ea0ccc_23,utterance_509.mp4,"I'm better than I felt the night before we got married and I thought that I wasn't good enough for you I am "
"https://www.youtube.com/watch?v=f7W-4HEGtHk",664ea0ccc_23,utterance_510.mp4,"I'm wonderful enough about me and if you are stupid enough to throw someone sensational like me away and you don't deserve it "
"https://www.youtube.com/watch?v=f7W-4HEGtHk",664ea0ccc_23,utterance_511.mp4,"I am sick and tired in running of running away from places and people and relationships "
"https://www.youtube.com/watch?v=f7W-4HEGtHk",664ea0ccc_23,utterance_512.mp4,"you want me then fight for me because I am fighting like hell for you George"
"https://www.youtube.com/watch?v=f7W-4HEGtHk",664ea0ccc_25,utterance_557.mp4,"will you punch me"
"https://www.youtube.com/watch?v=f7W-4HEGtHk",664ea0ccc_25,utterance_558.mp4,"there is something you should know"
"https://www.youtube.com/watch?v=f7W-4HEGtHk",664ea0ccc_25,utterance_559.mp4,"this woman that were fighting over"
"https://www.youtube.com/watch?v=f7W-4HEGtHk",664ea0ccc_25,utterance_560.mp4,"is not working very woman"
"https://www.youtube.com/watch?v=f7W-4HEGtHk",664ea0ccc_25,utterance_561.mp4,"no you don't"
"https://www.youtube.com/watch?v=f7W-4HEGtHk",664ea0ccc_25,utterance_562.mp4,"not how good you had it"
"https://www.youtube.com/watch?v=f7W-4HEGtHk",664ea0ccc_25,utterance_563.mp4,"if I'm going to die I want the whole world to know how great she is"
"https://www.youtube.com/watch?v=f7W-4HEGtHk",664ea0ccc_25,utterance_564.mp4,"why do I need to shut up"
"https://www.youtube.com/watch?v=f7W-4HEGtHk",664ea0ccc_25,utterance_565.mp4,"you're afraid"
"https://www.youtube.com/watch?v=f7W-4HEGtHk",664ea0ccc_25,utterance_566.mp4,"you're afraid I'll say something that will hurt you gonna cry"
"https://www.youtube.com/watch?v=f7W-4HEGtHk",664ea0ccc_25,utterance_567.mp4,"softie"
"https://www.youtube.com/watch?v=f7W-4HEGtHk",664ea0ccc_25,utterance_568.mp4,"didn't listen"
"https://www.youtube.com/watch?v=f7W-4HEGtHk",664ea0ccc_25,utterance_569.mp4,"punch me what you want when I'm done beat me to a pole"
"https://www.youtube.com/watch?v=f7W-4HEGtHk",664ea0ccc_25,utterance_570.mp4,"but let me say how I feel"
"https://www.youtube.com/watch?v=f7W-4HEGtHk",664ea0ccc_25,utterance_571.mp4,"for her"
"https://www.youtube.com/watch?v=f7W-4HEGtHk",664ea0ccc_25,utterance_572.mp4,"do this one thing for her"
"https://www.youtube.com/watch?v=f7W-4HEGtHk",664ea0ccc_25,utterance_573.mp4,"she is wetting"
"https://www.youtube.com/watch?v=f7W-4HEGtHk",664ea0ccc_25,utterance_575.mp4,"way too big for you"
"https://www.youtube.com/watch?v=f7W-4HEGtHk",664ea0ccc_25,utterance_576.mp4,"you should use one or two syllables while speaking to you"
"https://www.youtube.com/watch?v=f7W-4HEGtHk",664ea0ccc_25,utterance_577.mp4,"serendipity means"
"https://www.youtube.com/watch?v=f7W-4HEGtHk",664ea0ccc_25,utterance_578.mp4,"happy accident pleasant surprise"
"https://www.youtube.com/watch?v=f7W-4HEGtHk",664ea0ccc_25,utterance_579.mp4,"unfortunate mistake"
"https://www.youtube.com/watch?v=f7W-4HEGtHk",664ea0ccc_25,utterance_580.mp4,"specifically the accident of finding something good while not specifically searching for it"
"https://www.youtube.com/watch?v=f7W-4HEGtHk",664ea0ccc_25,utterance_581.mp4,"that's what our love was"
"https://www.youtube.com/watch?v=f7W-4HEGtHk",664ea0ccc_25,utterance_582.mp4,"happy accidents"
"https://www.youtube.com/watch?v=f7W-4HEGtHk",664ea0ccc_31,utterance_696.mp4,"without his TV show I'm nothing"
"https://www.youtube.com/watch?v=f7W-4HEGtHk",664ea0ccc_31,utterance_697.mp4,"nothing"
"https://www.youtube.com/watch?v=f7W-4HEGtHk",664ea0ccc_31,utterance_698.mp4,"so I shouldn't even be here right now I am"
"https://www.youtube.com/watch?v=f7W-4HEGtHk",664ea0ccc_31,utterance_699.mp4,"so many episodes to watch you don't understand"
"https://www.youtube.com/watch?v=f7W-4HEGtHk",664ea0ccc_31,utterance_700.mp4,"because Game of Thrones does things to me that my little pony never could do"
"https://www.youtube.com/watch?v=f7W-4HEGtHk",664ea0ccc_31,utterance_702.mp4,"just because my therapist"
"https://www.youtube.com/watch?v=f7W-4HEGtHk",664ea0ccc_31,utterance_703.mp4,"says I was when he says I'm bipolar"
"https://www.youtube.com/watch?v=f7W-4HEGtHk",664ea0ccc_31,utterance_704.mp4,"he said"
"https://www.youtube.com/watch?v=f7W-4HEGtHk",664ea0ccc_31,utterance_705.mp4,"eating disorders"
"https://www.youtube.com/watch?v=f7W-4HEGtHk",664ea0ccc_31,utterance_706.mp4,"and did you behave what"
"https://www.youtube.com/watch?v=f7W-4HEGtHk",664ea0ccc_31,utterance_707.mp4,"I'm offended honestly he Compares me to another species by Paul "
"https://www.youtube.com/watch?v=f7W-4HEGtHk",664ea0ccc_31,utterance_708.mp4,"not bipolar and only live in Antarctica what is what he says "
"https://www.youtube.com/watch?v=f7W-4HEGtHk",664ea0ccc_31,utterance_709.mp4,"and I have an eating disorder"
"https://www.youtube.com/watch?v=f7W-4HEGtHk",664ea0ccc_31,utterance_710.mp4,"Pokmon"
"https://www.youtube.com/watch?v=f7W-4HEGtHk",664ea0ccc_31,utterance_711.mp4,"really really really only Amazon"
"https://www.youtube.com/watch?v=f7W-4HEGtHk",664ea0ccc_31,utterance_712.mp4,"yeah look at me I am so smart and smarter than you you have an eating disorder and I got or I have a dig "
"https://www.youtube.com/watch?v=f7W-4HEGtHk",664ea0ccc_31,utterance_713.mp4,"really"
"https://www.youtube.com/watch?v=f7W-4HEGtHk",664ea0ccc_31,utterance_714.mp4,"really real mature honestly real mature"
"https://www.youtube.com/watch?v=f7W-4HEGtHk",664ea0ccc_31,utterance_715.mp4,"yeah"
"https://www.youtube.com/watch?v=f7W-4HEGtHk",664ea0ccc_31,utterance_716.mp4,"o'clock rock"
"https://www.youtube.com/watch?v=f7W-4HEGtHk",664ea0ccc_31,utterance_718.mp4,"I have a phantom to satisfy I have done what everyone"
"https://www.youtube.com/watch?v=f7W-4HEGtHk",664ea0ccc_31,utterance_719.mp4,"every episode every season of Game of Thrones into the block post once a week"
"https://www.youtube.com/watch?v=f7W-4HEGtHk",664ea0ccc_31,utterance_720.mp4,"minimum at least this means I skip a couple dozen meals WhatsApp "
"https://www.youtube.com/watch?v=f7W-4HEGtHk",664ea0ccc_32,utterance_723.mp4,"no no"
"https://www.youtube.com/watch?v=f7W-4HEGtHk",664ea0ccc_32,utterance_724.mp4,"no no I'm fine I don't need them men I don't need the money "
"https://www.youtube.com/watch?v=f7W-4HEGtHk",664ea0ccc_32,utterance_725.mp4,"I can"
"https://www.youtube.com/watch?v=f7W-4HEGtHk",664ea0ccc_32,utterance_726.mp4,"I can't take this or I can just text"
"https://www.youtube.com/watch?v=f7W-4HEGtHk",664ea0ccc_32,utterance_728.mp4,"ok"
"https://www.youtube.com/watch?v=f7W-4HEGtHk",664ea0ccc_34,utterance_742.mp4,"what is it that we need to do a pussy still love you "
"https://www.youtube.com/watch?v=f7W-4HEGtHk",664ea0ccc_34,utterance_743.mp4,"will let me play soccer and Daddy"
"https://www.youtube.com/watch?v=f7W-4HEGtHk",664ea0ccc_34,utterance_744.mp4,"so he hit me so that's why I am but that's why I do like to "
"https://www.youtube.com/watch?v=f7W-4HEGtHk",664ea0ccc_34,utterance_746.mp4,"I will apologise for who I am I will not apologise for what I need I would all apart the one I want "
"https://www.youtube.com/watch?v=f7W-4HEGtHk",664ea0ccc_34,utterance_747.mp4,"ok I want to go to page 80 new blue booklets please want to do that right now 18 in "
"https://www.youtube.com/watch?v=f7W-4HEGtHk",664ea0ccc_34,utterance_749.mp4,"white box 223 in your whiteboards "
"https://www.youtube.com/watch?v=f7W-4HEGtHk",664ea0ccc_34,utterance_750.mp4,"how to fake like you are a nice and caring person"
"https://www.youtube.com/watch?v=F_9iN6eRPpA",47628d7dd_1,utterance_1.mp4,"everyone di Morrison here and I want to give you some updates"
"https://www.youtube.com/watch?v=F_9iN6eRPpA",47628d7dd_1,utterance_3.mp4,"join hands here"
"https://www.youtube.com/watch?v=F_9iN6eRPpA",47628d7dd_1,utterance_4.mp4,"Genevieve"
"https://www.youtube.com/watch?v=F_9iN6eRPpA",47628d7dd_1,utterance_5.mp4,"has a magical element turtle little bit definitely fun play talking about "
"https://www.youtube.com/watch?v=F_9iN6eRPpA",47628d7dd_1,utterance_6.mp4,"and hopes and dreams"
"https://www.youtube.com/watch?v=F_9iN6eRPpA",47628d7dd_1,utterance_8.mp4,"what's in helping others"
"https://www.youtube.com/watch?v=F_9iN6eRPpA",47628d7dd_1,utterance_9.mp4,"so I hope you enjoy that 1/2 magic coin I have a couple other"
"https://www.youtube.com/watch?v=WBTNlgEDKUs",119334435_3,utterance_35.mp4,"Disneyland Paris"
"https://www.youtube.com/watch?v=WBTNlgEDKUs",119334435_3,utterance_37.mp4,"I'm always happy to help Aston Villa"
"https://www.youtube.com/watch?v=WBTNlgEDKUs",119334435_3,utterance_38.mp4,"my father was a police officer"
"https://www.youtube.com/watch?v=WBTNlgEDKUs",119334435_3,utterance_39.mp4,"havilah respectful with studio"
"https://www.youtube.com/watch?v=WBTNlgEDKUs",119334435_3,utterance_40.mp4,"mum is always so nervous about it"
"https://www.youtube.com/watch?v=WBTNlgEDKUs",119334435_3,utterance_41.mp4,"worried"
"https://www.youtube.com/watch?v=WBTNlgEDKUs",119334435_3,utterance_43.mp4,"there are crazy people in the world"
"https://www.youtube.com/watch?v=WBTNlgEDKUs",119334435_3,utterance_44.mp4,"we watch the news every night"
"https://www.youtube.com/watch?v=WBTNlgEDKUs",119334435_3,utterance_45.mp4,"where are you we may hear something about"
"https://www.youtube.com/watch?v=WBTNlgEDKUs",119334435_3,utterance_46.mp4,"Newsround wedel horrible teethers"
"https://www.youtube.com/watch?v=WBTNlgEDKUs",119334435_3,utterance_47.mp4,"officer's shot in the line of duty"
"https://www.youtube.com/watch?v=WBTNlgEDKUs",119334435_3,utterance_49.mp4,"always grimblethorpe"
"https://www.youtube.com/watch?v=WBTNlgEDKUs",119334435_3,utterance_50.mp4,"she had to know he was ok"
"https://www.youtube.com/watch?v=WBTNlgEDKUs",119334435_3,utterance_51.mp4,"but I still stay up late"
"https://www.youtube.com/watch?v=WBTNlgEDKUs",119334435_3,utterance_52.mp4,"Amway"
"https://www.youtube.com/watch?v=WBTNlgEDKUs",119334435_3,utterance_55.mp4,"and we by my bedroom window"
"https://www.youtube.com/watch?v=WBTNlgEDKUs",119334435_3,utterance_56.mp4,"telephone come home"
"https://www.youtube.com/watch?v=WBTNlgEDKUs",119334435_3,utterance_57.mp4,"Halloween"
"https://www.youtube.com/watch?v=WXhsLbFSZo4",a251c98f3_1,utterance_1.mp4,"if you are new to acting I need help getting started through drama.net is for you free drama.net has free acting resources for classrooms "
"https://www.youtube.com/watch?v=WXhsLbFSZo4",a251c98f3_1,utterance_2.mp4,"auditions and competitions"
"https://www.youtube.com/watch?v=WXhsLbFSZo4",a251c98f3_1,utterance_3.mp4,"learn more at 3"
"https://www.youtube.com/watch?v=WXhsLbFSZo4",a251c98f3_1,utterance_4.mp4,"a free drama."
"https://www.youtube.com/watch?v=0_mOVTA8V9E",b018c03de_18,utterance_143.mp4,"sounds like it's gonna be awesome with the typing this file can be great"
"https://www.youtube.com/watch?v=0_mOVTA8V9E",b018c03de_18,utterance_144.mp4,"this is brought to you by acting Studios who is her husband are producers"
"https://www.youtube.com/watch?v=0_mOVTA8V9E",b018c03de_18,utterance_145.mp4,"so why would everything forward to them and guys were about ready to get innocent air into the scene so you have any questions will do that once were up there She Goes next week with the new message "
"https://www.youtube.com/watch?v=ETc4YqqyPyY",b748addbd_5,utterance_96.mp4,"when you're hurting"
"https://www.youtube.com/watch?v=ETc4YqqyPyY",b748addbd_5,utterance_97.mp4,"you look for weakness"
"https://www.youtube.com/watch?v=ETc4YqqyPyY",b748addbd_5,utterance_98.mp4,"you take that hurt"
"https://www.youtube.com/watch?v=ETc4YqqyPyY",b748addbd_5,utterance_99.mp4,"don't pass it on to me"
"https://www.youtube.com/watch?v=ETc4YqqyPyY",b748addbd_5,utterance_100.mp4,"your hoodie"
"https://www.youtube.com/watch?v=ETc4YqqyPyY",b748addbd_5,utterance_101.mp4,"CD image"
"https://www.youtube.com/watch?v=ETc4YqqyPyY",b748addbd_5,utterance_102.mp4,"you're feeling pain"
"https://www.youtube.com/watch?v=ETc4YqqyPyY",b748addbd_5,utterance_103.mp4,"seeu cosplay"
"https://www.youtube.com/watch?v=ETc4YqqyPyY",b748addbd_5,utterance_105.mp4,"it has to stop"
"https://www.youtube.com/watch?v=ETc4YqqyPyY",b748addbd_5,utterance_106.mp4,"I will protect myself from the pain"
"https://www.youtube.com/watch?v=ETc4YqqyPyY",b748addbd_5,utterance_107.mp4,"the damage has to be undone"
"https://www.youtube.com/watch?v=ETc4YqqyPyY",b748addbd_5,utterance_108.mp4,"I will end the hurting"
"https://www.youtube.com/watch?v=ETc4YqqyPyY",b748addbd_5,utterance_109.mp4,"so I never heard"
"https://www.youtube.com/watch?v=ETc4YqqyPyY",b748addbd_5,utterance_110.mp4,"and I must do it"
"https://www.youtube.com/watch?v=Qc6FlGIzkbk",bee9cd4cf_2,utterance_37.mp4,"that wild bird photo of the hill cast list all night long take them back today's stationery "
"https://www.youtube.com/watch?v=Qc6FlGIzkbk",bee9cd4cf_2,utterance_40.mp4,"capita your hair with a man sweeping He Stopped name on the know what was going on I asked him "
"https://www.youtube.com/watch?v=Qc6FlGIzkbk",bee9cd4cf_2,utterance_41.mp4,"that said don't you hear them she has up her holiday. How you made it and I said do you got a lot of money left "
"https://www.youtube.com/watch?v=Qc6FlGIzkbk",bee9cd4cf_2,utterance_42.mp4,"are you going to go to voice sweet the hillside that start with n go on up and down a mountain"
"https://www.youtube.com/watch?v=Qc6FlGIzkbk",bee9cd4cf_2,utterance_43.mp4,"off and on all night long so you can't stop us now and he said was your father behind her so quickly "
"https://www.youtube.com/watch?v=iD205b51hZg",c0f84b343_2,utterance_10.mp4,"how to play a board game or something "
"https://www.youtube.com/watch?v=iD205b51hZg",c0f84b343_2,utterance_11.mp4,"hey look we still have the tire swing in a backyard Amber how are used to spin art other around till you like "
"https://www.youtube.com/watch?v=iD205b51hZg",c0f84b343_2,utterance_12.mp4,"a walk would have that feeling again "
"https://www.youtube.com/watch?v=iD205b51hZg",c0f84b343_2,utterance_13.mp4,"I'm not dizzy but I don't know carefree things get so much work complicated when you get older "
"https://www.youtube.com/watch?v=ohay-o1QYk0",cc73c27b5_2,utterance_15.mp4,"please press 1 for customer assistance please press 2 for customer information please press for customer guidance "
"https://www.youtube.com/watch?v=ohay-o1QYk0",cc73c27b5_2,utterance_16.mp4,"for more information"
"https://www.youtube.com/watch?v=ohay-o1QYk0",cc73c27b5_2,utterance_17.mp4,"send the Victorious dead rat under the singer "
"https://www.youtube.com/watch?v=oUV3mAPoQvo",d4c1c74d6_2,utterance_24.mp4,"how to communicate a really off message in that something that you really probably wanted to say with the characters that you play"
"https://www.youtube.com/watch?v=oUV3mAPoQvo",d4c1c74d6_2,utterance_25.mp4,"so these are these are the sort of things that you've got work through then let alone if your going to go into doing Pratt eating"
"https://www.youtube.com/watch?v=oUV3mAPoQvo",d4c1c74d6_2,utterance_26.mp4,"premiering means you're making the food look funny on purpose you're making it look disgusting on purpose because there's a difference between a real disgusting law "
"https://www.youtube.com/watch?v=oUV3mAPoQvo",d4c1c74d6_2,utterance_27.mp4,"play and disgusting look is what I'm going to show you after after after work done that taken out the shower I'll show you guys "
"https://www.youtube.com/watch?v=oUV3mAPoQvo",d4c1c74d6_2,utterance_28.mp4,"disgusting look looks like in this is one of the one of the worst banana just create that that's funny "
"https://www.youtube.com/watch?v=oUV3mAPoQvo",d4c1c74d6_2,utterance_29.mp4,"kind of a theatre so it will take a look at that self put those IT guys again that are watching you can go but back over the blog posts in read there's a lot of things things that talk about "
"https://www.youtube.com/watch?v=oUV3mAPoQvo",d4c1c74d6_2,utterance_30.mp4,"The Hangover food differently in what to do with the food and then how you how you turned on so really when I get it because the rest of it has to do with you practicing "
"https://www.youtube.com/watch?v=oUV3mAPoQvo",d4c1c74d6_2,utterance_31.mp4,"kissing doing it and not getting the food something that we dealt with on the Wednesday in the Wednesday class is the food becoming a piece of excessive "
"https://www.youtube.com/watch?v=oUV3mAPoQvo",d4c1c74d6_2,utterance_32.mp4,"navigate business is anything that you're doing while you're in your scene fight if the pivot says he reaches for his pen it takes at a "
"https://www.youtube.com/watch?v=oUV3mAPoQvo",d4c1c74d6_2,utterance_33.mp4,"business anything you doing physically is called business in if business isn't handled properly it gets in the way of a proforma "
"https://www.youtube.com/watch?v=oUV3mAPoQvo",d4c1c74d6_2,utterance_34.mp4,"it'll it'll it'll just getting away it's it makes the scene too busy which means it's pulling Focus from what you're actually doing or saying and you don't "
"https://www.youtube.com/watch?v=oUV3mAPoQvo",d4c1c74d6_2,utterance_35.mp4,"everything that you do needs to compliment you now we had Joy we had Chris and I seen partner in here on Wednesday night "
"https://www.youtube.com/watch?v=oUV3mAPoQvo",d4c1c74d6_2,utterance_36.mp4,"elected to make an entrance in wearing hoodies and I've been doing the same for three or four weeks and they haven't worn hoodies Yet So Vain "
"https://www.youtube.com/watch?v=oUV3mAPoQvo",d4c1c74d6_2,utterance_37.mp4,"they wanted a hoodie out and come in and it's two guys I come down and see that sit down on a bench and then they do "
"https://www.youtube.com/watch?v=oUV3mAPoQvo",d4c1c74d6_2,utterance_38.mp4,"NY my talking about hoodies when were discussing eating on camera because it goes back to what I started this whole thing with Annette has to do with any type of business "
"https://www.youtube.com/watch?v=oUV3mAPoQvo",d4c1c74d6_2,utterance_39.mp4,"anything you doing in addition to you as the character and again eating smoking using an accent "
"https://www.youtube.com/watch?v=oUV3mAPoQvo",d4c1c74d6_7,utterance_80.mp4,"it has to become yours it's yours the way that you do it ok how the hell that happened now I am had I've had a weapons training "
"https://www.youtube.com/watch?v=oUV3mAPoQvo",d4c1c74d6_7,utterance_81.mp4,"I've been on Combat Rangers and everything before I get the TV show was third effective on a capsule and when they gave me my my gun I said ok well I want to I want to wear them am I "
"https://www.youtube.com/watch?v=oUV3mAPoQvo",d4c1c74d6_7,utterance_82.mp4,"it's sad because I feel like my my character is it is it is it across reaches across the Grand the gun"
"https://www.youtube.com/watch?v=oUV3mAPoQvo",d4c1c74d6_7,utterance_83.mp4,"ok cos you can go to your house to this where you can go to your house to this way and I wanted to go to my house to this way just cause this"
"https://www.youtube.com/watch?v=oUV3mAPoQvo",d4c1c74d6_7,utterance_85.mp4,"what's the point of it is if you're making it your own the food you're making it your own so everything that you do "
"https://www.youtube.com/watch?v=oUV3mAPoQvo",d4c1c74d6_7,utterance_86.mp4,"get your own where do you learn to do that you learn to do it here in your chin in your in your training centre if you're not in a place to stranger Jhene "
"https://www.youtube.com/watch?v=oUV3mAPoQvo",d4c1c74d6_7,utterance_87.mp4,"place where you can explore all these things because the big mistake that actors make is using an additional room as there "
"https://www.youtube.com/watch?v=oUV3mAPoQvo",d4c1c74d6_7,utterance_88.mp4,"I'm gonna go on this edition so I can learn at casting director going to think about you if you're not in there not really knowing what you do and you don't come in professional "
"https://www.youtube.com/watch?v=oUV3mAPoQvo",d4c1c74d6_7,utterance_89.mp4,"call you back for years they won't call you back we want to get on the shortlist and how do you get on the shortlist you come in and you're good you might not be right for that project which would you gonna be right for that "
"https://www.youtube.com/watch?v=oUV3mAPoQvo",d4c1c74d6_7,utterance_90.mp4,"director you'll be right for that room why because you're you're you're ready to go you ready to go and when you're ready to go then a casting person. would you go to "
"https://www.youtube.com/watch?v=oUV3mAPoQvo",d4c1c74d6_7,utterance_91.mp4,"person and you don't want to work that stuff out I see this don't train on hiring ground hiring ground is a casting office "
"https://www.youtube.com/watch?v=xO4cohhEprc",d49e974a8_1,utterance_1.mp4,"everybody welcome back to the Mallard project and can December and this week we're doing the Laughing Wild by Christopher durang it is the infamous tuna fish "
"https://www.youtube.com/watch?v=xO4cohhEprc",d49e974a8_1,utterance_3.mp4,"I want to talk to you about life it "
"https://www.youtube.com/watch?v=xO4cohhEprc",d49e974a8_1,utterance_4.mp4,"to be live action christening "
"https://www.youtube.com/watch?v=xO4cohhEprc",d49e974a8_1,utterance_6.mp4,"agent really like a book"
"https://www.youtube.com/watch?v=xO4cohhEprc",d49e974a8_1,utterance_7.mp4,"I waited awhile to see them and I thought about asking them but they seem so stupid "
"https://www.youtube.com/watch?v=xO4cohhEprc",d49e974a8_1,utterance_8.mp4,"and there is also fear that it would do no good no good at all"
"https://www.youtube.com/watch?v=xO4cohhEprc",d49e974a8_1,utterance_10.mp4,"Woolwich"
"https://www.youtube.com/watch?v=xO4cohhEprc",d49e974a8_1,utterance_11.mp4,"animal video"
"https://www.youtube.com/watch?v=xO4cohhEprc",d49e974a8_1,utterance_12.mp4,"so I started to cry out of frustration quietly so it's not to disturb anyone and you can still there "
"https://www.youtube.com/watch?v=xO4cohhEprc",d49e974a8_1,utterance_13.mp4,"so I brought my sister over here "
"https://www.youtube.com/watch?v=xO4cohhEprc",d49e974a8_1,utterance_14.mp4,"would you kindly move at all but totally startled and child nearby started to cry and I was dog crying "
"https://www.youtube.com/watch?v=xO4cohhEprc",d49e974a8_1,utterance_15.mp4,"and then I could possibly imagine any use for the tuna fish and so I shouted at the child to stop crying because he was trying "
"https://www.youtube.com/watch?v=xO4cohhEprc",d49e974a8_1,utterance_16.mp4,"Netto supermarket"
"https://www.youtube.com/watch?v=xO4cohhEprc",d49e974a8_1,utterance_17.mp4,"and I thought I'll have a taxi to the Metropolitan museum of art I just need to be right now"
"https://www.youtube.com/watch?v=HZF8SXDoFGM",d81007915_1,utterance_1.mp4,"I want to be alone I can't"
"https://www.youtube.com/watch?v=HZF8SXDoFGM",d81007915_1,utterance_2.mp4,"being around other people I get really scared like I can't breathe "
"https://www.youtube.com/watch?v=HZF8SXDoFGM",d81007915_1,utterance_3.mp4,"you don't really care you're simply doing good "
"https://www.youtube.com/watch?v=HZF8SXDoFGM",d81007915_1,utterance_4.mp4,"I'm better you can be through with me to the next person you're just "
"https://www.youtube.com/watch?v=HZF8SXDoFGM",d81007915_2,utterance_22.mp4,"I would never be alone so free today "
"https://www.youtube.com/watch?v=HZF8SXDoFGM",d81007915_2,utterance_23.mp4,"patio shine "
"https://www.youtube.com/watch?v=HZF8SXDoFGM",d81007915_2,utterance_24.mp4,"people don't like it when you shine humans think the brightness is intimidating "
"https://www.youtube.com/watch?v=HDoSPSU_OZU",dce7e5d5f_11,utterance_147.mp4,"stuck"
"https://www.youtube.com/watch?v=HDoSPSU_OZU",dce7e5d5f_11,utterance_148.mp4,"scallywags "
"https://www.youtube.com/watch?v=HDoSPSU_OZU",dce7e5d5f_11,utterance_149.mp4,"I want to feel stuck"
"https://www.youtube.com/watch?v=HDoSPSU_OZU",dce7e5d5f_11,utterance_150.mp4,"she's like a beautiful bird"
"https://www.youtube.com/watch?v=HDoSPSU_OZU",dce7e5d5f_11,utterance_151.mp4,"beautiful song There's No-one"
"https://www.youtube.com/watch?v=HDoSPSU_OZU",dce7e5d5f_11,utterance_153.mp4,"I had to be free"
"https://www.youtube.com/watch?v=HDoSPSU_OZU",dce7e5d5f_11,utterance_154.mp4,"go to the cage"
"https://www.youtube.com/watch?v=HDoSPSU_OZU",dce7e5d5f_11,utterance_155.mp4,"to let her out but she just stay"
"https://www.youtube.com/watch?v=HDoSPSU_OZU",dce7e5d5f_11,utterance_156.mp4,"stay singing her beautiful song"
"https://www.youtube.com/watch?v=DXqURW39_x0",e3b57cfd8_5,utterance_63.mp4,"make a difference who IR do I have to be somewhere nobody Wanna Be do I need some kind of kryptonite like a little key "
"https://www.youtube.com/watch?v=DXqURW39_x0",e3b57cfd8_5,utterance_64.mp4,"how to turn into a frog and he's now hiding in some creepy bug waiting for me to find you I don't even know how to swim"
"https://www.youtube.com/watch?v=DXqURW39_x0",e3b57cfd8_5,utterance_65.mp4,"what's the use of dreaming anymore no-one is feeling down my door I need to be some kind of damsel in distress to get some attention I guess"
"https://www.youtube.com/watch?v=DXqURW39_x0",e3b57cfd8_5,utterance_66.mp4,"where is my Prince Charming is there something about me this alarming all I get is Prince. We spend his whole life heaven "
"https://www.youtube.com/watch?v=DXqURW39_x0",e3b57cfd8_5,utterance_69.mp4,"is that what I dream about"
"https://www.youtube.com/watch?v=DXqURW39_x0",e3b57cfd8_5,utterance_70.mp4,"if I don't get it when I forever Celtic cry because I didn't get my way"
"https://www.youtube.com/watch?v=DXqURW39_x0",e3b57cfd8_5,utterance_71.mp4,"I just want to feel special I want to feel like they care I want them to bravely face any challenge for me and em "
"https://www.youtube.com/watch?v=DXqURW39_x0",e3b57cfd8_5,utterance_72.mp4,"if you dare"
"https://www.youtube.com/watch?v=DXqURW39_x0",e3b57cfd8_5,utterance_73.mp4,"lock me in a tower make me your precious flower I want you to Battle your way against dragons to win my love today "
"https://www.youtube.com/watch?v=DXqURW39_x0",e3b57cfd8_7,utterance_107.mp4,"stars up there in the sky"
"https://www.youtube.com/watch?v=DXqURW39_x0",e3b57cfd8_7,utterance_109.mp4,"I can't count on them"
"https://www.youtube.com/watch?v=DXqURW39_x0",e3b57cfd8_7,utterance_110.mp4,"I can always look up in no that'll be there for"
"https://www.youtube.com/watch?v=DXqURW39_x0",e3b57cfd8_7,utterance_111.mp4,"Dishonored 2 quick"
"https://www.youtube.com/watch?v=DXqURW39_x0",e3b57cfd8_7,utterance_112.mp4,"you have a moment with a shiny silver hair"
"https://www.youtube.com/watch?v=DXqURW39_x0",e3b57cfd8_7,utterance_113.mp4,"the bin"
"https://www.youtube.com/watch?v=DXqURW39_x0",e3b57cfd8_7,utterance_115.mp4,""
"https://www.youtube.com/watch?v=DXqURW39_x0",e3b57cfd8_7,utterance_117.mp4,"sometimes the stars in the sky I can always look up night after night "
"https://www.youtube.com/watch?v=DXqURW39_x0",e3b57cfd8_7,utterance_118.mp4,"ready for me to make a wish "
"https://www.youtube.com/watch?v=DXqURW39_x0",e3b57cfd8_7,utterance_119.mp4,"hope "
"https://www.youtube.com/watch?v=DXqURW39_x0",e3b57cfd8_7,utterance_120.mp4,"hope for the word helpful "
"https://www.youtube.com/watch?v=DXqURW39_x0",e3b57cfd8_7,utterance_121.mp4,"hope for a future with no one has more than anybody else and money is a thing of the past "
"https://www.youtube.com/watch?v=DXqURW39_x0",e3b57cfd8_7,utterance_122.mp4,"a future where everyone is taking care of an American don't they have "
"https://www.youtube.com/watch?v=DXqURW39_x0",e3b57cfd8_7,utterance_124.mp4,"my wish"
"https://www.youtube.com/watch?v=_rQlbCjboJ4",f1f277e5d_6,utterance_44.mp4,"I was born here for a minute because that's what you gonna be doing this this week as your homework assignment is you paying attention to food and people "
"https://www.youtube.com/watch?v=_rQlbCjboJ4",f1f277e5d_6,utterance_45.mp4,"Grimm television in movies"
"https://www.youtube.com/watch?v=_rQlbCjboJ4",f1f277e5d_6,utterance_46.mp4,"Americano with this fork"
"https://www.youtube.com/watch?v=_rQlbCjboJ4",f1f277e5d_6,utterance_48.mp4,"little does he know at this point in time that I am actually analysing how is heating the food and I pay attention to exactly"
"https://www.youtube.com/watch?v=_rQlbCjboJ4",f1f277e5d_6,utterance_50.mp4,"and the card is the fork is now down on the plate with his hand down here they wrote at the scene in inevitable"
"https://www.youtube.com/watch?v=_rQlbCjboJ4",f1f277e5d_6,utterance_51.mp4,"NSB art of looking like you're eating when you're not eating that's a whole nother dynamic that we're going as well "
"https://www.youtube.com/watch?v=_rQlbCjboJ4",f1f277e5d_6,utterance_52.mp4,"where's the food"
"https://www.youtube.com/watch?v=_rQlbCjboJ4",f1f277e5d_6,utterance_53.mp4,"you should know it's not you eating the food it's the character eating the food in the character is it necessarily always going to eat the food sometimes you won't eat "
"https://www.youtube.com/watch?v=_rQlbCjboJ4",f1f277e5d_6,utterance_54.mp4,"is reasons many times the actor just doesn't want to eat the food so you act like you're eating the food but you're not even though"
"https://www.youtube.com/watch?v=_rQlbCjboJ4",f1f277e5d_6,utterance_55.mp4,"so you going to make any decisions and we're going to play with both the nearest and the full Leeds"
"https://www.youtube.com/watch?v=_rQlbCjboJ4",f1f277e5d_6,utterance_56.mp4,"when you eat food you've got to learn about textures"
"https://www.youtube.com/watch?v=_rQlbCjboJ4",f1f277e5d_6,utterance_57.mp4,"they're different foods are going up function differently in your hand looking a function differently under different temperatures they're going to function differently when you eat "
"https://www.youtube.com/watch?v=_rQlbCjboJ4",f1f277e5d_6,utterance_58.mp4,"swallow them there is different things you have to pay attention to and how the food is packed"
"https://www.youtube.com/watch?v=_rQlbCjboJ4",f1f277e5d_6,utterance_59.mp4,"container that the food comes in the kind of noise it makes is it in a wrapper is it in a paper bag is it in a container drinking fits into all this is "
"https://www.youtube.com/watch?v=_rQlbCjboJ4",f1f277e5d_6,utterance_60.mp4,"drinking on camera is in the same category"
"https://www.youtube.com/watch?v=_rQlbCjboJ4",f1f277e5d_6,utterance_61.mp4,"and then what it is that you're drinking and then how are you holding the cup"
"https://www.youtube.com/watch?v=_rQlbCjboJ4",f1f277e5d_6,utterance_62.mp4,"because how you hold a shot glasses different and how you hold a beer then how you all the martini glass and how you all can apart"
"https://www.youtube.com/watch?v=_rQlbCjboJ4",f1f277e5d_6,utterance_63.mp4,"and how you all the water bottle"
"https://www.youtube.com/watch?v=_rQlbCjboJ4",f1f277e5d_6,utterance_64.mp4,"how you handle all these things is different and it's going to be different and when you consume and how you consume based on what's going on in the scene at the same time"
"https://www.youtube.com/watch?v=_rQlbCjboJ4",f1f277e5d_6,utterance_65.mp4,"not certain foods you have to be careful with the amount of bites you take if you don't take a big enough but it's not gonna work you don't sell it if you take too big "
"https://www.youtube.com/watch?v=_rQlbCjboJ4",f1f277e5d_6,utterance_66.mp4,"not going to be able to do your diet"
"https://www.youtube.com/watch?v=_rQlbCjboJ4",f1f277e5d_6,utterance_67.mp4,"unless you're doing it intentionally like we had a comedy scene in here"
"https://www.youtube.com/watch?v=_rQlbCjboJ4",f1f277e5d_6,utterance_68.mp4,"I'm on Wednesday until the guys had bars and they were doing the comedy scene with the bars that didn't have the timing right"
"https://www.youtube.com/watch?v=_rQlbCjboJ4",f1f277e5d_7,utterance_69.mp4,"so I told one of the one of the actress I said don't wait till you see your line and take the bike take the bike right before you say the one so now he's delivering the line while talking "
"https://www.youtube.com/watch?v=_rQlbCjboJ4",f1f277e5d_7,utterance_70.mp4,"zero protein bar in and it was funny but he was doing a comedic scene is it had a factor that in prayer "
"https://www.youtube.com/watch?v=_rQlbCjboJ4",f1f277e5d_7,utterance_71.mp4,"girl doing at a scene"
"https://www.youtube.com/watch?v=_rQlbCjboJ4",f1f277e5d_7,utterance_72.mp4,"what she sees a detective in a car with another detective their partners in a big argument about a case and I mean they're scrapping it up "
"https://www.youtube.com/watch?v=_rQlbCjboJ4",f1f277e5d_7,utterance_73.mp4,"bam bam in her like to drink was a coffee"
"https://www.youtube.com/watch?v=_rQlbCjboJ4",f1f277e5d_7,utterance_74.mp4,"but it was an iced coffee with a straw"
"https://www.youtube.com/watch?v=_rQlbCjboJ4",f1f277e5d_7,utterance_75.mp4,"is there something that doesn't work about someone trying to be bad in tough and it's stopping in sucking on the straw it didn't work"
"https://www.youtube.com/watch?v=_rQlbCjboJ4",f1f277e5d_7,utterance_76.mp4,"20 inch biceps is ninja dude bodybuilding died in his elected food was trail mix and so is in this guy conversation in a bar "
"https://www.youtube.com/watch?v=_rQlbCjboJ4",f1f277e5d_7,utterance_78.mp4,"oh you gone now it's complicated things"
"https://www.youtube.com/watch?v=_rQlbCjboJ4",f1f277e5d_7,utterance_79.mp4,"even more because you're dealing with sound issues crunch issues that another person come in and had a crawler was going to eat a Crawley but it was in the bag that it came in "
"https://www.youtube.com/watch?v=_rQlbCjboJ4",f1f277e5d_7,utterance_80.mp4,"so here in the crunch and other paper"
"https://www.youtube.com/watch?v=_rQlbCjboJ4",f1f277e5d_7,utterance_81.mp4,"and then he elected to use two hands need it as opposed to CD with one here all Gotta Be choreographed"
"https://www.youtube.com/watch?v=_rQlbCjboJ4",f1f277e5d_7,utterance_82.mp4,"we don't want to take any of this for granted and every week we're going to start laying on warm or compounded issues about what foods and drinks are more complicated "
"https://www.youtube.com/watch?v=_rQlbCjboJ4",f1f277e5d_7,utterance_83.mp4,"this week we're going to be dealing with simple foods and you can do this at home if you're watching too much just working with food bars"
"https://www.youtube.com/watch?v=_rQlbCjboJ4",f1f277e5d_7,utterance_84.mp4,"Mars candy bars protein bars anything like that or trail mix"
"https://www.youtube.com/watch?v=_rQlbCjboJ4",f1f277e5d_7,utterance_85.mp4,"simple things or you can use your drinks whatever it might be able to go into be bringing those into your scene I'm going to work with the simple things first then we're going to move on "
"https://www.youtube.com/watch?v=_rQlbCjboJ4",f1f277e5d_7,utterance_86.mp4,"and based on how well I think you're progressing will see how much I'm going to let you get away with so nobody is coming it was spaghetti and meatballs just yet "
"https://www.youtube.com/watch?v=_rQlbCjboJ4",f1f277e5d_7,utterance_87.mp4,"salads to Sue"
"https://www.youtube.com/watch?v=_rQlbCjboJ4",f1f277e5d_7,utterance_88.mp4,"complicated foods to deal with in in in if you want to watch you should be following in Reading the blogs to the requirement for the studies and when I "
"https://www.youtube.com/watch?v=_rQlbCjboJ4",f1f277e5d_7,utterance_89.mp4,"perennial the links go to because one of the links is the best eating in Hollywood that spread bet you can eat better than anybody and now here's what "
